title,career_page
Senior Community Engineer,https://job-boards.greenhouse.io/pulumicorporation?keyword=software+remote
"Sr. Software Engineer, Simulation, tvScientific",https://job-boards.greenhouse.io/tvscientificpoweredbypinterest?keyword=software+remote
Senior Software Engineer - Backend,https://job-boards.greenhouse.io/turnkeycareers?keyword=software+remote
"Senior Software Engineer, Endpoint Agent (Windows)",https://job-boards.greenhouse.io/keepersecurity?keyword=software+remote
Senior Software Engineer (Microsoft Integrations),https://job-boards.greenhouse.io/trufflesecurity?keyword=software+remote
Senior Software Engineer,https://job-boards.greenhouse.io/pineparkhealth?keyword=software+remote
Sr. Machine Learning Engineer (Recommendation Systems),https://www.linkedin.com/safety?keyword=software+remote
Senior Software Engineer,https://job-boards.greenhouse.io/obsidiansecurity?keyword=software+remote
Senior Production Engineer,https://job-boards.eu.greenhouse.io/veeamsoftware?keyword=software+remote
Senior Go Engineer (GenAI),https://job-boards.greenhouse.io/factored?keyword=software+remote
Senior Software Engineer (Ruby),https://job-boards.greenhouse.io/navapbc?keyword=software+remote
"Senior Backend Engineer, Distributed Systems",https://job-boards.greenhouse.io/censys?keyword=software+remote
"Senior Staff Software Engineer, Data Delivery",https://job-boards.greenhouse.io/stackadapt?keyword=software+remote
"Senior Software Engineer (MA, MD, Austin, TX)",https://job-boards.greenhouse.io/vulncheck?keyword=software+remote
"Senior Software Engineer, Reddit Pro - Publishers",https://job-boards.greenhouse.io/reddit?keyword=software+remote
Operations Reliability Engineer - Automations,https://job-boards.greenhouse.io/alpaca?keyword=software+remote
Senior Software Engineer | Middleware,https://job-boards.greenhouse.io/extrahopnetworks?keyword=software+remote
Senior Software Engineer - Python,https://job-boards.greenhouse.io/ocrolusinc?keyword=software+remote
"Senior Software Engineer, DevProd (Infrastructure Observability)",https://job-boards.greenhouse.io/temporaltechnologies?keyword=software+remote
Senior Software Engineer,https://job-boards.greenhouse.io/keyfactorinc?keyword=software+remote
Senior Software Engineer (.NET),https://job-boards.greenhouse.io/chainguard?keyword=software+remote
.NET Developer,https://job-boards.greenhouse.io/embed?keyword=software+remote
Senior Software Engineer,https://job-boards.greenhouse.io/minitab?keyword=software+remote
"Staff Backend Engineer, AST: Composition Analysis",https://job-boards.greenhouse.io/gitlab?keyword=software+remote
Senior Software Engineer,https://job-boards.greenhouse.io/tenableinc?keyword=software+remote
"Senior Software Engineer, Full Stack",http://job-boards.greenhouse.io/ziprecruiter?keyword=software+remote
Frontend Software Engineer,http://job-boards.greenhouse.io/addepar1?keyword=software+remote
"Senior Backend Engineer (Remote, US)",https://job-boards.greenhouse.io/openly?keyword=software+remote
iOS Engineer,https://job-boards.greenhouse.io/renttherunway?keyword=software+remote
Quality Assurance Engineer,https://job-boards.greenhouse.io/netbrain?keyword=software+remote
Senior Software Engineer,http://job-boards.greenhouse.io/paradigminccareersopenpositions?keyword=software+remote
ITS Platforms & Applications Engineer (Req#1149),https://job-boards.greenhouse.io/eplusinc?keyword=software+remote
AI Software Engineer,https://job-boards.greenhouse.io/zonecompanysoftwareconsultingllc?keyword=software+remote
"Prompt Engineer (FTC, UK, Remote)",https://job-boards.greenhouse.io/nearform?keyword=software+remote
"Software Engineer II, Backend (Merchant Data Platfrom EU",https://job-boards.greenhouse.io/affirm?keyword=software+remote
Senior AI/ML Engineer,https://job-boards.greenhouse.io/bloomreach?keyword=software+remote
Senior Software Engineer,https://job-boards.greenhouse.io/tubescience52?keyword=software+remote
"Software Engineer I, Full Stack",https://job-boards.greenhouse.io/trueanomalyinc?keyword=software+remote
Staff Data Engineer,https://job-boards.greenhouse.io/firsthand?keyword=software+remote
"Senior Staff Software Engineer, Platform",https://job-boards.greenhouse.io/smithrx?keyword=software+remote
Senior Software Engineer (Fullstack),https://job-boards.greenhouse.io/soloioinc?keyword=software+remote
Staff Backend Engineer - Databases Tempo | US | Remote,https://job-boards.greenhouse.io/grafanalabs?keyword=software+remote
Applied AI Engineer - Federal (TS Required),https://job-boards.greenhouse.io/snorkelai?keyword=software+remote
Lead Software Engineer - Healthcare Data & Audience Applications,https://job-boards.greenhouse.io/zetaglobal?keyword=software+remote
Senior Software Applications Developer,https://job-boards.greenhouse.io/neweratechnology?keyword=software+remote
Staff Backend Engineer,https://job-boards.greenhouse.io/mesh?keyword=software+remote
"Senior Software Engineer, Java",https://job-boards.greenhouse.io/telnyx54?keyword=software+remote
"(Senior) Backend Engineer, Marketpace",https://job-boards.greenhouse.io/wheely?keyword=software+remote
"Lead AI Engineer, NLQ & Agentic Systems",https://job-boards.greenhouse.io/upwork?keyword=software+remote
Senior Consultant | AI Strategy (Remote),https://job-boards.greenhouse.io/trace3?keyword=software+remote
"Staff Engineer, AI Security",https://job-boards.greenhouse.io/twilio?keyword=software+remote
Senior Staff Customer Engineer – Automotive AI,https://job-boards.greenhouse.io/sonatus?keyword=software+remote
AI Innovation Lead,https://job-boards.greenhouse.io/janeasystems?keyword=software+remote
Senior/Lead Machine Learning Engineer,https://job-boards.greenhouse.io/exadelinc?keyword=software+remote
Software Engineer - Product Development (Backend or Full-Stack),http://job-boards.greenhouse.io/dagsterlabs?keyword=software+remote
Staff Software Engineer (Cloud and AI),https://job-boards.greenhouse.io/readysettechnologyinc?keyword=software+remote
AI Creative Technologist,https://job-boards.greenhouse.io/hightouch?keyword=software+remote
Front-end ReactJS engineer,https://job-boards.greenhouse.io/neoris?keyword=software+remote
Senior/Staff Flutter Engineer (Password Manager),https://job-boards.greenhouse.io/expressvpn?keyword=software+remote
"Full-Stack Software Engineer, Reinforcement Learning",http://job-boards.greenhouse.io/anthropic?keyword=software+remote
"Software Engineer, Dashboard",https://job-boards.greenhouse.io/vercel?keyword=software+remote
Staff Software Engineer - AI,https://job-boards.greenhouse.io/onxmaps?keyword=software+remote
MLOps & Agentic Platform Engineer (AI Infrastructure),https://job-boards.greenhouse.io/hyphenconnect?keyword=software+remote
Support Development Engineer,https://job-boards.greenhouse.io/energyhub?keyword=software+remote
Staff Platform Engineer (Control Plane),https://job-boards.greenhouse.io/yugabyte?keyword=software+remote
Full Stack Engineer (Backend Emphasis),https://job-boards.greenhouse.io/b12?keyword=software+remote
Forward Deployed Engineer,https://job-boards.greenhouse.io/shipbobinc?keyword=software+remote
Staff Software Engineer — Data Integrations Platform,https://job-boards.greenhouse.io/duettoresearch?keyword=software+remote
Lead/Staff Platform Engineer,https://job-boards.greenhouse.io/zencoder?keyword=software+remote
Staff Applied AI Engineer,https://job-boards.greenhouse.io/checkr?keyword=software+remote
Software Engineer,https://job-boards.greenhouse.io/buyersedgeplatformrecruiting?keyword=software+remote
Senior Full-Stack Software Engineer (Next.js + Supabase + AI-Native),https://job-boards.greenhouse.io/finitestate?keyword=software+remote
Senior AI Engineer,https://job-boards.greenhouse.io/leolabsinc?keyword=software+remote
Senior Python Core Engineer,https://job-boards.greenhouse.io/chime?keyword=software+remote
Applied AI Engineer,https://job-boards.greenhouse.io/automatticcareers?keyword=software+remote
"Senior Software Engineer AI-Native, backend Foundry",https://job-boards.greenhouse.io/life360?keyword=software+remote
Sr. Machine Learning Engineer (Recommendation Systems),https://job-boards.greenhouse.io/philo?keyword=software+remote
Senior Software Engineer,https://job-boards.greenhouse.io/systemstechnologyresearch?keyword=software+remote
"Sr. Software Development Engineer - Control Plane, Reliability, Backend (Flexibility on level)",https://job-boards.greenhouse.io/zscaler?keyword=software+remote
"Senior Staff Machine Learning Scientist, Assets",https://job-boards.greenhouse.io/webflow?keyword=software+remote
Senior Software Engineer II - Applied AI and Evaluations,https://job-boards.greenhouse.io/smartsheet?keyword=software+remote
Staff Data Engineer,https://job-boards.greenhouse.io/imaginepediatrics?keyword=software+remote
Senior Front End Software Engineer - Deal Desk,https://job-boards.greenhouse.io/thetradedesk?keyword=software+remote
Software Engineer (Forward Deployed),https://job-boards.greenhouse.io/lazarusenterprises?keyword=software+remote
Senior AI/ML Engineer,https://job-boards.greenhouse.io/sayari?keyword=software+remote
Senior Software Engineer,https://job-boards.greenhouse.io/digible?keyword=software+remote
"Senior iOS Engineer, Connectivity",https://job-boards.greenhouse.io/oura?keyword=software+remote
"Senior Software Engineer, Imaging Systems",https://job-boards.greenhouse.io/planetlabs?keyword=software+remote
Senior Integrations Engineer,https://job-boards.greenhouse.io/gradial?keyword=software+remote
Sr Delivery Operations Manager,https://job-boards.greenhouse.io/effectual?keyword=software+remote
Staff Software Engineer - Next Gen,https://job-boards.greenhouse.io/netdocuments?keyword=software+remote
"Senior Full-Stack Software Engineer, Frontend Experiences",https://job-boards.greenhouse.io/algolia?keyword=software+remote
Backend Engineer,https://job-boards.greenhouse.io/assetwatch?keyword=software+remote
Principal AI Engineer,https://job-boards.greenhouse.io/figure?keyword=software+remote
Senior Product Backend Engineer - Poland,https://job-boards.greenhouse.io/focalsystems?keyword=software+remote
Junior Full Stack Engineer (Remote EU),https://job-boards.greenhouse.io/qualio?keyword=software+remote
"Senior Pyton Backend Developer (Contract, Remote)",https://job-boards.greenhouse.io/infuse?keyword=software+remote
Junior Backend Engineer - C#,https://job-boards.greenhouse.io/shifttechnology?keyword=software+remote
Backend Engineer,https://job-boards.greenhouse.io/pointwild?keyword=software+remote
Senior Backend Engineer (.NET) (f/m/d),https://job-boards.greenhouse.io/apaleo?keyword=software+remote
Senior / Lead Applied Data Scientist,https://job-boards.greenhouse.io/styleseat32?keyword=software+remote
Software Engineer II,https://job-boards.greenhouse.io/globalizationpartners?keyword=software+remote
Senior AI Engineer,https://job-boards.greenhouse.io/shopfully?keyword=software+remote
Applied AI Architect (Startups),https://job-boards.greenhouse.io/anthropic?keyword=software+remote
Fullstack Software Engineer - Core,https://job-boards.greenhouse.io/dataikujobs?keyword=software+remote
Full-Stack Software Engineer (f/m/d),https://job-boards.greenhouse.io/awin?keyword=software+remote
"Software Engineer, Product Experience",https://job-boards.greenhouse.io/verse?keyword=software+remote
Senior Backend Engineer – Submission Processing Team (USA),https://job-boards.greenhouse.io/kalepa?keyword=software+remote
Senior Backend Engineer - AI Product,https://job-boards.greenhouse.io/rebuildmanufacturing?keyword=software+remote
"Sr Software Engineer, AI Security Platform",https://job-boards.greenhouse.io/beyondtrust?keyword=software+remote
Full Stack Web Developer - AEM,https://job-boards.greenhouse.io/formativgroup?keyword=software+remote
Front End Developer,https://job-boards.greenhouse.io/qcentrix?keyword=software+remote
Deployed Software Engineer,https://job-boards.greenhouse.io/hungryroot?keyword=software+remote
Principal Platform Engineer,https://job-boards.greenhouse.io/clarityinnovates?keyword=software+remote
Senior Product Manager - Agentic AI,https://job-boards.greenhouse.io/apartmentiq?keyword=software+remote
Infrastructure Engineer,https://job-boards.greenhouse.io/tailscale?keyword=software+remote
Autonomy Integration Software Engineer,https://job-boards.greenhouse.io/appliedintuition?keyword=software+remote
Staff Software Engineer – Core Developer Experience (DevEx),https://job-boards.greenhouse.io/alphasense?keyword=software+remote
Software Engineering Manager,https://job-boards.greenhouse.io/debtbook?keyword=software+remote
Senior Site Reliability Engineer,https://job-boards.greenhouse.io/appomni?keyword=software+remote
"Senior AI Solutions Builder, People",https://job-boards.greenhouse.io/thumbtack?keyword=software+remote
Engineering Manager,https://job-boards.greenhouse.io/alvys?keyword=software+remote
Senior Data Scientist,https://job-boards.greenhouse.io/kardfinancialinc?keyword=software+remote
"Software Engineer, Full-Stack",https://job-boards.greenhouse.io/loop?keyword=software+remote
Senior Backend Engineer,https://job-boards.greenhouse.io/arenaclub?keyword=software+remote
Fullstack Software Developer,https://job-boards.greenhouse.io/accenturefederalservices?keyword=software+remote
Build Engineer - NBA 2K,https://job-boards.greenhouse.io/visualconcepts?error=true?keyword=software+remote
"Technical Account Manager, EMEA",https://job-boards.greenhouse.io/spycloud?keyword=software+remote
Staff DevOps Engineer,https://job-boards.greenhouse.io/getbuilt?keyword=software+remote
"Engineering Manager, Lithic Web",https://job-boards.greenhouse.io/lithic?keyword=software+remote
Software Engineer,https://job-boards.greenhouse.io/known?keyword=software+remote
Senior Machine Learning Engineer (Small Language Models),https://job-boards.greenhouse.io/leagueinc?keyword=software+remote
"Software Engineer, AI Product",https://job-boards.greenhouse.io/figma?keyword=software+remote
Senior Software Engineer (AI team),https://job-boards.greenhouse.io/scaleai?keyword=software+remote
"Senior Software Engineer, Agentic Platform",https://job-boards.greenhouse.io/andurilindustries?keyword=software+remote
AI Agent Engineer - Poland,https://job-boards.greenhouse.io/redpandadata?keyword=software+remote
"Staff Software Engineer, ML Platform",https://job-boards.greenhouse.io/stackav?keyword=software+remote
Senior Machine Learning Engineer- LiveOps Automation,https://job-boards.greenhouse.io/scopely?keyword=software+remote
Staff AI Platform Engineer,https://job-boards.greenhouse.io/bluefishai?keyword=software+remote
Data Engineer II,https://job-boards.greenhouse.io/dataiku?keyword=software+remote
Senior AI Engineer - Freelance,https://job-boards.greenhouse.io/mirakllabs?keyword=software+remote
Staff Machine Learning Engineer 2,https://job-boards.greenhouse.io/medallionakafirstlayerai?keyword=software+remote
"Software Engineer 3 - Cloud Operations, Flickr",https://job-boards.greenhouse.io/flickr?keyword=software+remote
Software Engineer (AI),https://app.careerpuck.com/job-board?keyword=software+remote
Full Stack Engineer,https://job-boards.greenhouse.io/seesaw?keyword=software+remote
Senior Backend Engineer (Node.js / AWS),https://job-boards.greenhouse.io/fictiv?keyword=software+remote
Senior Software Engineer (Remote),https://playlist.com/careers?keyword=software+remote
Senior Software Engineer (.NET Core/Angular),https://job-boards.greenhouse.io/unanet?keyword=software+remote
Senior Embedded Software Engineer I,https://job-boards.greenhouse.io/smartrent?keyword=software+remote
"Senior Software Engineer (Full-Stack, Back-end, Python)",https://job-boards.greenhouse.io/able?keyword=software+remote
Senior Embedded Software Engineer | Airborne Software,https://job-boards.greenhouse.io/betatechnologiesinc?keyword=software+remote
"Senior Software Engineer, Infrastructure and Data",https://job-boards.greenhouse.io/epickids?keyword=software+remote
Senior Backend Engineer,https://job-boards.greenhouse.io/honor?keyword=software+remote
Senior Front-End Engineer - Publish Team,https://job-boards.greenhouse.io/cision?keyword=software+remote
(Senior) Backend Developer (Java/Kotlin) - Business Application Development,https://job-boards.greenhouse.io/jetbrains?keyword=software+remote
Software Engineer - Java / Kotlin (Mid Level),https://job-boards.greenhouse.io/vonage?keyword=software+remote
Staff Infrastructure Software Engineer (Kubernetes),https://job-boards.greenhouse.io/cresta?keyword=software+remote
Senior AI Controls Solutions Engineer,https://job-boards.greenhouse.io/phaidra?keyword=software+remote
Lead C#/.NET Developer,https://job-boards.greenhouse.io/distantjob?keyword=software+remote
Senior Software Engineer - Data Plane,https://job-boards.greenhouse.io/lucenia?keyword=software+remote
Senior .NET Developer for Unified Feed Team,https://job-boards.eu.greenhouse.io/gr8tech?keyword=software+remote
"Senior Software Engineer, Full Stack",https://job-boards.greenhouse.io/affinitiv?keyword=software+remote
"Software Engineer II, Marketplace Middleware Engineering",https://job-boards.greenhouse.io/forgeglobal?keyword=software+remote
"Staff Software Engineer, Front End",https://job-boards.greenhouse.io/tebra?keyword=software+remote
Sr. Backend Engineer,https://job-boards.greenhouse.io/dv01?keyword=software+remote
"Staff Software Engineer, Full Stack",https://job-boards.greenhouse.io/smarterdx?keyword=software+remote
Product Manager (Agentic AI),https://www.newrocket.com/careers?keyword=software+remote
Senior AI Engineer,https://job-boards.greenhouse.io/ujet?keyword=software+remote
AI Prompt Engineer,https://freedomcare.com/jobs?keyword=software+remote
AI Application Engineer,https://job-boards.greenhouse.io/arizeai?keyword=software+remote
Senior Software Engineer,https://job-boards.greenhouse.io/avidxchangeinc?keyword=software+remote
Principal AI Systems Engineer — Agentic Platforms,https://job-boards.greenhouse.io/kindo?keyword=software+remote
Agentic Architect,https://job-boards.greenhouse.io/caylent?keyword=software+remote
Software Engineer (Infrastructure),https://job-boards.greenhouse.io/oklo?keyword=software+remote
"Software Engineer III/Senior, AI Gateway",https://job-boards.greenhouse.io/ngrokinc?keyword=software+remote
Data Engineer/Software Engineer,https://job-boards.greenhouse.io/altentechnologyusa?keyword=software+remote
Data Engineer,https://job-boards.greenhouse.io/resonate?keyword=software+remote
Platform Engineer,https://job-boards.greenhouse.io/defenseunicorns?keyword=software+remote
Staff Machine Learning Engineer,https://job-boards.greenhouse.io/betterhelpcom?keyword=software+remote
Backend Software Development Engineer III,https://job-boards.greenhouse.io/palmettocleantech?keyword=software+remote
Senior Python Engineer (AI & Cloud),https://job-boards.greenhouse.io/valtech?keyword=software+remote
Senior Software Engineer - React Native | Mobile,https://job-boards.greenhouse.io/trivelta?keyword=software+remote
Senior Software Engineer,https://job-boards.greenhouse.io/gravitypayments17?keyword=software+remote
Senior Software Engineer,https://job-boards.greenhouse.io/workato?keyword=software+remote
Senior Software Engineer ll,https://job-boards.greenhouse.io/dbtlabsinc?keyword=software+remote
Senior Full Stack Engineer,https://job-boards.greenhouse.io/aura798?keyword=software+remote
Software Developer,https://job-boards.greenhouse.io/geotab?keyword=software+remote
Full Stack Developer - Java & React (f/m/d),https://job-boards.greenhouse.io/ecosio?keyword=software+remote
Senior Backend Engineer II,https://job-boards.greenhouse.io/gametimeunited?keyword=software+remote
Tech Lead/Software Engineer III - Salesforce,https://job-boards.greenhouse.io/kapitus?keyword=software+remote
Solution Engineer,https://job-boards.greenhouse.io/cybersheath?keyword=software+remote
Sr. Forward Deployed Software Engineer,https://job-boards.greenhouse.io/pvminc?keyword=software+remote
Software Engineer,https://www.fluency.inc/careers?gh_jid=4180822009&gh_src=my.greenhouse.search?keyword=software+remote
Senior Software Engineer - DevOps,https://boards.greenhouse.io/shopmonkey?keyword=software+remote
Senior Software Engineer - DevOps,https://job-boards.greenhouse.io/shopmonkey?keyword=software+remote
Software Engineer (Contract),https://job-boards.greenhouse.io/540?keyword=software+remote
Software Engineer - Robotic Applications,https://job-boards.greenhouse.io/diligentrobotics?keyword=software+remote
Software Security Engineer,https://job-boards.greenhouse.io/strike?keyword=software+remote
Senior Engineer,https://www.moxehealth.com/careers?keyword=software+remote
"Senior/Staff Software Engineer, Frontend (ACF)",https://job-boards.greenhouse.io/skylighthq?keyword=software+remote
"Software Engineer III, iOS",https://job-boards.greenhouse.io/myfitnesspal?keyword=software+remote
"Senior Software Engineer, Mobile",https://job-boards.greenhouse.io/hs?keyword=software+remote
Senior DevOps Engineer,https://job-boards.greenhouse.io/postscript?keyword=software+remote
AI & Software Engineering Senior Manager,https://job-boards.greenhouse.io/pmg?keyword=software+remote
Staff Machine Learning Engineer - Wildfire,https://job-boards.eu.greenhouse.io/overstory?keyword=software+remote
Senior Software Development Engineer L4,https://inovalon.com/careers?keyword=software+remote
Senior Software Engineer - Customer & Applications,https://job-boards.greenhouse.io/wizardcommerce?keyword=software+remote
Senior Engineer,https://job-boards.greenhouse.io/dunnhumby?keyword=software+remote
Senior Site Reliability Engineer (Public Sector),https://job-boards.greenhouse.io/incode?keyword=software+remote
Senior Google Cloud Engineer Contractor,https://job-boards.greenhouse.io/recursionpharmaceuticals?keyword=software+remote
Staff Engineer,https://job-boards.greenhouse.io/zipcolimited?keyword=software+remote
Machine Learning Engineer,https://job-boards.greenhouse.io/biohub?keyword=software+remote
SOFTWARE ENGINEER AI/ML,https://job-boards.greenhouse.io/testnisc?keyword=software+remote
Software Engineer (Staff / Sr Staff),https://job-boards.greenhouse.io/equilibriumenergy?keyword=software+remote
Senior Full Stack Software Engineer - Credit Card,https://job-boards.greenhouse.io/fanaticsfbg?keyword=software+remote
"Sr. Software Engineer (Java, Spring Boot, AWS)",https://www.fluency.inc/careers?gh_jid=4179759009&gh_src=my.greenhouse.search?keyword=software+remote
Senior Software Engineer,https://job-boards.greenhouse.io/attune?keyword=software+remote
Software Engineer II,https://job-boards.greenhouse.io/iterable?keyword=software+remote
Full Stack Software Engineer - Control Plane,https://job-boards.greenhouse.io/clickhouse?keyword=software+remote
"Software Engineering, Customer Success",https://job-boards.greenhouse.io/attentive?keyword=software+remote
Senior Machine Learning Engineer,https://job-boards.greenhouse.io/onestudyteam?keyword=software+remote
Principal AI Engineer - AI Tutor,https://job-boards.greenhouse.io/datacamp?keyword=software+remote
Product Engineer,https://job-boards.greenhouse.io/li-thermal-works?keyword=software+remote
Senior AI Platform Engineer (Applied AI / LLM Ops),http://www.ifit.com/careers?gh_jid=4210293009&gh_src=my.greenhouse.search?keyword=software+remote
Sr Software Engineer - Android,https://www.playlist.com/careers?keyword=software+remote
"Software Engineer, Backend (Platform)",https://job-boards.greenhouse.io/vannevarlabs?keyword=software+remote
Senior Full Stack Engineer (AWS/Cloud Native),https://job-boards.greenhouse.io/evio?keyword=software+remote
"Senior Software Engineer, Custody & Settlement",https://job-boards.greenhouse.io/coinme?keyword=software+remote
"Senior Software Engineer, .NET - US Remote",https://job-boards.greenhouse.io/perfectserve?keyword=software+remote
Senior Software Engineer,https://job-boards.greenhouse.io/regscale?keyword=software+remote
"Senior Software Engineer, Infrastructure",https://job-boards.greenhouse.io/hummingbirdregtech?keyword=software+remote
Senior Software Engineer (Java),https://job-boards.greenhouse.io/cayuse?keyword=software+remote
Senior AI Software Engineer (Contract),https://job-boards.greenhouse.io/equalexperts?keyword=software+remote
AI-First Frontend Engineer (Next.js & React) - Remote,https://job-boards.greenhouse.io/lumimeds?keyword=software+remote
Senior Software Engineer - Backend,https://boards.greenhouse.io/transcarent?keyword=software+remote
Software Engineer (Quality),https://job-boards.greenhouse.io/hiddenlayer?keyword=software+remote
Senior Software Engineer - Data Platform,https://job-boards.greenhouse.io/cavnue?keyword=software+remote
Senior Back End Engineer,https://job-boards.greenhouse.io/youcom?keyword=software+remote
Senior DevOps Engineer,https://job-boards.greenhouse.io/campminder?keyword=software+remote
Sr. Software Development Engineer,https://job-boards.greenhouse.io/iherb?keyword=software+remote
Senior Software Engineer,https://job-boards.greenhouse.io/zenbusiness?keyword=software+remote
Senior Software Engineer - AI Enablement,https://job-boards.greenhouse.io/mercury?keyword=software+remote
Senior Software Engineer (Python + AI),https://job-boards.greenhouse.io/externaljobboards?keyword=software+remote
Senior Software Engineer,https://teachstone.com/careers?keyword=software+remote
"Software Engineer, EPIC Technology Services",https://job-boards.greenhouse.io/point72?keyword=software+remote
Senior Software Engineer,https://www.planomatic.com/about-planomatic?keyword=software+remote
Senior Software Engineer,https://job-boards.greenhouse.io/dragos?keyword=software+remote
Senior Software Engineer - Player,https://www.plex.tv/careers?keyword=software+remote
Senior Data Scientist - LLM Evaluation (Medhub),https://job-boards.greenhouse.io/evolutioniq?keyword=software+remote
"Sr. Data Scientist, Pricing",https://job-boards.greenhouse.io/patientpoint?keyword=software+remote
Software Engineer - Full Stack,https://funded.club/jobs.html?gh_jid=7680146003&gh_src=my.greenhouse.search?keyword=software+remote
Senior Software Engineer,https://job-boards.greenhouse.io/ethoslife?keyword=software+remote
Software Engineer,https://sambanova.ai/sambanova-available-positions?keyword=software+remote
Senior Software Engineer,https://job-boards.eu.greenhouse.io/defuselabs?keyword=software+remote
Senior Software Engineer,https://job-boards.greenhouse.io/humaninterest?keyword=software+remote
Principal Product Engineer,https://job-boards.greenhouse.io/wavelo?keyword=software+remote
Senior Engineer,https://job-boards.greenhouse.io/canopyworks?keyword=software+remote
Software Engineer,https://job-boards.greenhouse.io/cloverhealth?keyword=software+remote
Senior Software Engineer- Full Stack,https://job-boards.greenhouse.io/crexi?keyword=software+remote
Senior Software Engineer - Workflows,https://job-boards.greenhouse.io/transcendinc?keyword=software+remote
Sr. Software Engineer,https://job-boards.greenhouse.io/bloomerang?keyword=software+remote
Software  Engineer,http://job-boards.greenhouse.io/markforged?keyword=software+remote
Staff Data Engineer,https://job-boards.greenhouse.io/interwellhealth?keyword=software+remote
"Senior Full-Stack Software Engineer, Ads",https://job-boards.greenhouse.io/discord?keyword=software+remote
Senior Infrastructure Engineer,https://job-boards.greenhouse.io/flex?keyword=software+remote
Staff Software Engineer – Platform,https://job-boards.greenhouse.io/atlasxhm?keyword=software+remote
Autonomy Integration Software Engineer,https://job-boards.greenhouse.io/glydways?keyword=software+remote
"Software Engineer, I - Metrics for Release Platform",https://job-boards.greenhouse.io/torcrobotics?keyword=software+remote
Support Engineer (CST),https://job-boards.greenhouse.io/lumos?keyword=software+remote
Sr. Applied AI Engineer,https://boards.greenhouse.io/cordial81?keyword=software+remote
Enterprise Revenue Architect,https://job-boards.greenhouse.io/gongio?keyword=software+remote
Sr Software Verification Engineer,https://job-boards.greenhouse.io/archer56?keyword=software+remote
Senior Technical Marketing Engineer – Security,https://job-boards.greenhouse.io/forwardnetworks?keyword=software+remote
"Analytics Engineer, Data",https://www.linkedin.com/redir?keyword=software+remote
Software Engineer,https://job-boards.greenhouse.io/webstacks?keyword=software+remote
Software Engineer III,https://www.zoominfo.com/careers?keyword=software+remote
Senior Full Stack Engineer,https://job-boards.greenhouse.io/capstoneintegratedsolutions?keyword=software+remote
Staff Software Engineer,https://job-boards.greenhouse.io/arcadiacareers?keyword=software+remote
Senior Database Engineer,https://job-boards.greenhouse.io/ecoatmgazelle?keyword=software+remote
"Senior Full-Stack Software Engineer, Applied AI",https://job-boards.greenhouse.io/circleso?keyword=software+remote
Backend Engineer,https://www.getfiber.ai/careers?gh_jid=5083312007&gh_src=my.greenhouse.search?keyword=software+remote
Forward Deployed Engineer,https://job-boards.greenhouse.io/fermat?keyword=software+remote
Platform Engineer,https://job-boards.greenhouse.io/vectara?keyword=software+remote
Sr. Software Engineer - Backend,https://job-boards.greenhouse.io/lively43?keyword=software+remote
Senior Software Developer,https://job-boards.greenhouse.io/medrio?keyword=software+remote
Software Engineer - Observability Product,https://job-boards.greenhouse.io/dagsterlabs?keyword=software+remote
Full Stack Software Engineer,https://job-boards.greenhouse.io/arine?keyword=software+remote
Figs,https://www.wearfigs.com/pages?keyword=software+remote
Machine Learning Engineer II,https://job-boards.greenhouse.io/coherehealth?keyword=software+remote
Senior Machine Learning Engineer,https://job-boards.greenhouse.io/paradigminccareersopenpositions?keyword=software+remote
Senior ML Engineer,https://job-boards.greenhouse.io/buzzsolutions?keyword=software+remote
"Sr Software Engineer, Web",https://job-boards.greenhouse.io/shopltk?keyword=software+remote
"Senior Software Engineer, Agentic AI",https://job-boards.greenhouse.io/cadencesolutions?keyword=software+remote
Staff Front-End Engineer,https://job-boards.greenhouse.io/knack?keyword=software+remote
Senior Software Engineer (Security & Privacy),https://job-boards.greenhouse.io/wikimedia?keyword=software+remote
"Senior Full Stack Engineer, Meeting Intelligence",https://job-boards.greenhouse.io/calendly?keyword=software+remote
Senior Lead Software Engineer,https://job-boards.greenhouse.io/onesixsolutions27?keyword=software+remote
"Software Engineer, Data Engineering",https://job-boards.greenhouse.io/memx?keyword=software+remote
"Software Engineer II- Java, AWS, MongoDB, CI/CD",https://job-boards.greenhouse.io/globalhealthcareexchangeinc?keyword=software+remote
Senior Full-Stack Software Engineer (Backend-Focused),https://job-boards.greenhouse.io/paytient?keyword=software+remote
Senior Software Engineer,https://job-boards.greenhouse.io/learnlux?keyword=software+remote
Senior AI Engineer,https://job-boards.greenhouse.io/sifthealthcare?keyword=software+remote
Software Engineer (TS/SCI Required),https://job-boards.greenhouse.io/rackner?keyword=software+remote
Senior Software Engineer II - App Observability Team,https://job-boards.greenhouse.io/honeycomb?keyword=software+remote
Senior Software Engineer (Backend),https://job-boards.greenhouse.io/tekmetric?keyword=software+remote
"Senior Full Stack Engineer, Engagement",https://job-boards.greenhouse.io/truebill?keyword=software+remote
Enablement Lab Engineer,http://boards.greenhouse.io/catonetworks?keyword=software+remote
Devops Engineer Principal,https://job-boards.greenhouse.io/sagent?keyword=software+remote
Sr. Staff Software Engineer - Investment Data Platform,https://job-boards.greenhouse.io/addepar1?keyword=software+remote
Platform Engineer,https://boards.greenhouse.io/applovin?keyword=software+remote
Senior Salesforce Developer,https://job-boards.greenhouse.io/leaflink?keyword=software+remote
"Senior Software Engineer, MongoDB Server Clusters and Interfaces",http://boards.greenhouse.io/mongodb?keyword=software+remote
"AI Integration Engineer, AI/ML",https://job-boards.greenhouse.io/viralnation?keyword=software+remote
Staff Product Data Scientist,https://job-boards.greenhouse.io/pandadoc?keyword=software+remote
"Staff Software Engineer, AI Developer Tools",https://job-boards.greenhouse.io/gusto?keyword=software+remote
Developer Advocate - Tech Ecosystems,https://boards.greenhouse.io/neo4j?keyword=software+remote
Senior Data Integrations Engineer - AI,https://job-boards.greenhouse.io/celigo?keyword=software+remote
Senior Software Engineer,https://job-boards.greenhouse.io/nmi?keyword=software+remote
Senior Machine Learning Engineer,https://job-boards.greenhouse.io/headway?keyword=software+remote
Senior Software Engineer,https://job-boards.greenhouse.io/scaletowinllc?keyword=software+remote
Senior Software Engineer,https://job-boards.greenhouse.io/sparrow?keyword=software+remote
"Principal Software Engineer, Personal Loans",https://app.greenhouse.io/embed?keyword=software+remote
ML Engineer,https://job-boards.greenhouse.io/terraclear?keyword=software+remote
ML Engineer,https://job-boards.greenhouse.io/adapter?keyword=software+remote
Senior Machine Learning Engineer,https://job-boards.greenhouse.io/goatgroup?keyword=software+remote
Senior Software Engineer,https://job-boards.greenhouse.io/baubap?keyword=software+remote
Senior ML Engineer,https://job-boards.greenhouse.io/signifyd95?keyword=software+remote
Lead Backend AEM Developer,https://job-boards.eu.greenhouse.io/valtech?keyword=software+remote
"Senior Data Engineer, working in AWS",https://job-boards.greenhouse.io/kunai?keyword=software+remote
Senior Machine Learning Engineer II,https://job-boards.greenhouse.io/sumologic?keyword=software+remote
"Principal Software Engineer, ML Infra & Distributed Systems",https://job-boards.greenhouse.io/tubitv?keyword=software+remote
Senior Software Test Engineer,https://job-boards.greenhouse.io/elitetechnology?keyword=software+remote
"Senior Software Engineer, Identity",https://boards.greenhouse.io/descript?keyword=software+remote
"Full Stack Developer, Research, Archives & Data Strategy (RAD)",https://job-boards.greenhouse.io/nationalpublicradioinc?keyword=software+remote
Implementation Engineer,https://job-boards.greenhouse.io/warp?keyword=software+remote
Lead Cloud Platform Engineer,https://boards.greenhouse.io/accenturefederalservices?keyword=software+remote
Senior Software Engineer,https://job-boards.greenhouse.io/dhigroupinc?keyword=software+remote
"Sr. Software Engineer, Backend",https://job-boards.greenhouse.io/mercari?keyword=software+remote
"Senior Software Engineer, Machine Learning",https://job-boards.greenhouse.io/ziprecruiter?keyword=software+remote
DevOps Engineer Sr,https://job-boards.greenhouse.io/pathward?keyword=software+remote
Software Support Engineer (Backline),https://job-boards.greenhouse.io/accela?keyword=software+remote
Staff Software Engineer,https://job-boards.greenhouse.io/doordashusa?keyword=software+remote
"Senior Software Engineer, Platform Infrastructure",https://job-boards.greenhouse.io/moonlite?keyword=software+remote
Machine Learning Engineer,https://job-boards.eu.greenhouse.io/gensyn?keyword=software+remote
Data Scientist - AI Engineer,https://job-boards.greenhouse.io/redwoodsoftware?keyword=software+remote
Principal Data Scientist,https://job-boards.greenhouse.io/nextroll?keyword=software+remote
"Sr. Platform Engineer (C#, Go)",https://job-boards.greenhouse.io/myfundedfutures?keyword=software+remote
Senior Data Scientist - Pricing & Underwriting,https://job-boards.greenhouse.io/alt?keyword=software+remote
"Data Scientist, Data Science",https://job-boards.greenhouse.io/launchdarkly?keyword=software+remote
Machine Learning Engineer II/III (Applied Research & Model Development),http://boards.greenhouse.io/pathai?keyword=software+remote
WorkBoard's,https://www.workboard.com/careers?keyword=software+remote
Senior Front End Engineer,https://flashfood.com/en?keyword=software+remote
Software Engineer,https://job-boards.greenhouse.io/world4822stri986des?keyword=software+remote
Senior Software Engineer,https://job-boards.greenhouse.io/threeflow?keyword=software+remote
Senior Fullstack Engineer,https://job-boards.greenhouse.io/santex?keyword=software+remote
Senior Solutions Engineer (Sales Engineer) - West,https://job-boards.greenhouse.io/amplitude?keyword=software+remote
Lead AI Engineer,https://fundraiseup.com/careers?keyword=software+remote
Staff Data Scientist | Fraud / Billing,https://job-boards.greenhouse.io/machinifyinc?keyword=software+remote
Forward Deployed AI Engineer (Must be PST timezone),https://job-boards.eu.greenhouse.io/polyai?keyword=software+remote
AI Engineer (GTM),https://job-boards.greenhouse.io/humansignal?keyword=software+remote
Data Scientist with R programming skills and clinical trial exposure,https://job-boards.eu.greenhouse.io/clinchoice?keyword=software+remote
Senior Software Engineer,https://job-boards.greenhouse.io/omadahealth?keyword=software+remote
Software Engineer,https://job-boards.greenhouse.io/radiclehealth?keyword=software+remote
Senior Software Engineer,https://job-boards.greenhouse.io/inkind?keyword=software+remote
Principal Software Engineer,https://job-boards.greenhouse.io/wasabi?keyword=software+remote
Lead software engineer,http://job-boards.greenhouse.io/accela?keyword=software+remote
Software Engineer,https://lattice.com/job?gh_jid=8463880002&gh_src=my.greenhouse.search?keyword=software+remote
Software Engineer - Self-Hosted Infrastructure,https://job-boards.greenhouse.io/tines?keyword=software+remote
"Software Engineer, GO (Staff II)",https://job-boards.greenhouse.io/brandtinformationservicesllc?keyword=software+remote
Software Engineer II,https://job-boards.greenhouse.io/dimagi?keyword=software+remote
Lead Software Engineer,https://job-boards.greenhouse.io/clockworksystems?keyword=software+remote
"Director, Artificial Intelligence & Machine Learning",https://job-boards.greenhouse.io/angi?keyword=software+remote
Sr. AI Engineer (24 months fixed-term),https://job-boards.greenhouse.io/khanacademy?keyword=software+remote
Senior ML Engineer,https://job-boards.greenhouse.io/valohealth?keyword=software+remote
Senior Full-Stack Engineer,https://www.monks.com/careers?keyword=software+remote
Full-Stack Product Engineer,https://job-boards.greenhouse.io/turbineone?keyword=software+remote
Full Stack Developer - Mid Level,https://job-boards.greenhouse.io/sparksoftcorporation?keyword=software+remote
Machine Learning Engineer III – Computer Vision & Data Systems,https://job-boards.greenhouse.io/zone5technologies?keyword=software+remote
Senior Software Engineer,https://boards.greenhouse.io/embed?keyword=software+remote
"Senior Machine Learning Engineer, AI Platform",https://job-boards.greenhouse.io/affinity?keyword=software+remote
Senior AI Platform Engineer,https://job-boards.greenhouse.io/elend?keyword=software+remote
Lead AI Engineer,https://zetaglobal.com/jobs?keyword=software+remote
Full Stack Software Engineer II,https://job-boards.greenhouse.io/technergetics?keyword=software+remote
Senior DevSecOps / Platform Security Engineer (AWS + Kubernetes),https://job-boards.greenhouse.io/defcon?keyword=software+remote
Data & AI Engineer,https://job-boards.greenhouse.io/fortifyiq?keyword=software+remote
AI-Powered Application Penetration Testing,http://www.bishopfox.com/jobs?gh_jid=7623770&gh_src=my.greenhouse.search?keyword=software+remote
Clinical Care Navigation,https://www.rightwayhealthcare.com/jobs?gh_jid=7620614003&gh_src=my.greenhouse.search?keyword=software+remote
AI Agent Engineer,https://www.observe.ai/position?gh_jid=5129722008&gh_src=my.greenhouse.search?keyword=software+remote
Applied AI Engineer,https://job-boards.greenhouse.io/assemblyai?keyword=software+remote
AI Engineer,https://triafed.com/jobs?keyword=software+remote
AI Engineer,https://job-boards.greenhouse.io/granum?keyword=software+remote
Software Engineer,https://job-boards.greenhouse.io/allwebleads?keyword=software+remote
Software Engineer (Core Platform),https://job-boards.greenhouse.io/firmpilotailawfirmmarketing?keyword=software+remote
Senior Software Engineer- Finance & Business Systems,https://job-boards.greenhouse.io/givecampus?keyword=software+remote
Full Stack Software Engineer,https://job-boards.greenhouse.io/oulahealth?keyword=software+remote
Senior Software Engineer,https://job-boards.greenhouse.io/darkwolfsolutions?keyword=software+remote
Sr. Software Engineer - UI,https://job-boards.greenhouse.io/brave?keyword=software+remote
Join Our Team,https://branch.io/careers?keyword=software+remote
AI Engineer II,https://job-boards.greenhouse.io/sezzle?keyword=software+remote
Senior Software Engineer (Ruby on Rails),https://companycam.com/job?gh_jid=7647713003&gh_src=my.greenhouse.search?keyword=software+remote
Senior Application Security Engineer,https://job-boards.greenhouse.io/beyondfinance?keyword=software+remote
Senior Field Engineer,https://artisight.com/positions?keyword=software+remote
Software Engineer II,https://trinitylogistics.com/join-us?keyword=software+remote
Sr. Solutions Engineer,https://job-boards.greenhouse.io/narvar?keyword=software+remote
Senior Director of Software Engineering,https://boards.greenhouse.io/mindgrub?keyword=software+remote
LATAM Senior Software Engineer (.NET),https://job-boards.greenhouse.io/praxent?keyword=software+remote
Senior Software Engineer,https://job-boards.greenhouse.io/yipitdata?keyword=software+remote
"Software Engineer, Machine Learning",https://boards.greenhouse.io/figma?keyword=software+remote
Machine Learning Engineer II,https://job-boards.greenhouse.io/mobilityware?keyword=software+remote
Sr. Software Engineer (PHP),https://job-boards.greenhouse.io/higherlogic?keyword=software+remote
"Staff Software Engineer, NMS",https://www.kentik.com/careers?keyword=software+remote
Platform Engineer II (Terraform & Kubernetes),https://www.jamf.com/about?keyword=software+remote
Senior ML Engineer,https://job-boards.greenhouse.io/smartasset?keyword=software+remote
Applied AI Engineer,https://job-boards.greenhouse.io/purestorage?keyword=software+remote
Frontend Engineer,https://job-boards.greenhouse.io/catenaclearing?keyword=software+remote
Senior DevOps Engineer,https://job-boards.greenhouse.io/halcyon?keyword=software+remote
Senior Software Engineer,https://job-boards.greenhouse.io/applytopassagehealth?keyword=software+remote
"Lead Python Engineer, Data Infrastructure",https://job-boards.greenhouse.io/ascenttechnologies?keyword=software+remote
Software Engineer,https://job-boards.greenhouse.io/check?keyword=software+remote
Senior Software Engineer,https://job-boards.greenhouse.io/dnsfilter?keyword=software+remote
Principal Software Engineer,https://www.harness.io/company?keyword=software+remote
Senior DevSecOp Software Engineer,https://job-boards.greenhouse.io/simpletechnologysolutions?keyword=software+remote
Lead Sales Engineer (Public Sector),https://job-boards.greenhouse.io/blackduck?keyword=software+remote
Senior Platform Software Engineer (Foundation Services),https://job-boards.greenhouse.io/recharge?keyword=software+remote
Software Engineer,https://job-boards.greenhouse.io/sonyinteractiveentertainmentglobal?keyword=software+remote
Lead Software Engineer,https://job-boards.greenhouse.io/nubank?keyword=software+remote
Principal Fullstack Engineer,https://job-boards.greenhouse.io/liveperson?keyword=software+remote
Senior Software Engineer - Integrations,https://boards.greenhouse.io/corelight?keyword=software+remote
Full Stack Software Engineer - MERN Stack,https://job-boards.greenhouse.io/boomentertainment?keyword=software+remote
"Senior Software Engineer, Operations Automation",https://job-boards.greenhouse.io/pomelocare?keyword=software+remote
Principal Solution Architect,https://job-boards.greenhouse.io/amwell?keyword=software+remote
Senior Software Engineer (Frontend),https://job-boards.greenhouse.io/logicgate?keyword=software+remote
Senior Software Engineer (Cloud),https://job-boards.greenhouse.io/runpod?keyword=software+remote
Software Engineer- RubyLaw,https://job-boards.greenhouse.io/banyansoftware?keyword=software+remote
"Manager, Performance and Test Engineering",https://job-boards.greenhouse.io/bamboohr17?keyword=software+remote
"Senior Software Engineer, Finance Technology",https://job-boards.greenhouse.io/ezcaterinc?keyword=software+remote
Staff Software Engineer - Search & Detection,https://job-boards.greenhouse.io/pantherlabs?keyword=software+remote
Staff Software Engineer,https://job-boards.greenhouse.io/glossgenius?keyword=software+remote
Senior Fullstack Engineer,https://job-boards.greenhouse.io/arkestroinc?keyword=software+remote
Senior Applied AI Engineer,https://job-boards.greenhouse.io/komodohealth?keyword=software+remote
Lead Applied AI Engineer,https://job-boards.greenhouse.io/materialbank?keyword=software+remote
"Software Engineer, Full-Stack",https://job-boards.greenhouse.io/grammarly?keyword=software+remote
Senior ML Engineer,https://job-boards.greenhouse.io/striveworks?keyword=software+remote
Senior Software Engineer,https://job-boards.greenhouse.io/raft?keyword=software+remote
Senior Software Engineer (Healthcare Integrations) - Contract,https://job-boards.greenhouse.io/techholding?keyword=software+remote
Backend Engineer,https://job-boards.greenhouse.io/future?keyword=software+remote
Staff Software Engineer,https://job-boards.greenhouse.io/acquia?keyword=software+remote
Front End Engineer,https://job-boards.greenhouse.io/impiricus?keyword=software+remote
Senior Solutions Engineer - LATAM,https://job-boards.greenhouse.io/gleanwork?keyword=software+remote
Software Engineer,https://job-boards.greenhouse.io/remesh?keyword=software+remote
Software Engineer — React / Next.js / React Native,https://job-boards.greenhouse.io/renewedvision?keyword=software+remote
Software Development Engineer in Test III,https://job-boards.greenhouse.io/subsplash?keyword=software+remote
"Staff Software Engineer, Imaging Integration",https://cleerlyhealth.com/careers-board?gh_jid=5819258004&gh_src=my.greenhouse.search?keyword=software+remote
Senior Software Engineer - Insurance Team,https://job-boards.greenhouse.io/fabric83?keyword=software+remote
Software Engineer I,https://www.equipmentshare.com/careers?keyword=software+remote
"Manager, Software Engineering",https://job-boards.greenhouse.io/newrelic?keyword=software+remote
"Software Engineer (Ruby/Rails), Advertising Platform",https://job-boards.greenhouse.io/doximity?keyword=software+remote
Senior Analytics Engineer,https://job-boards.greenhouse.io/seed?keyword=software+remote
AI Engineer,https://job-boards.greenhouse.io/pairteam?keyword=software+remote
Software Engineer,https://job-boards.greenhouse.io/kiavi?keyword=software+remote
"Senior Software Engineer, Scanning Engine",https://www.coalitioninc.com/job-posting?keyword=software+remote
Senior Software Engineer,https://job-boards.greenhouse.io/stackblitz?keyword=software+remote
Software Engineer,https://job-boards.greenhouse.io/versaterm?keyword=software+remote
ML Engineer,https://job-boards.greenhouse.io/ottoaviation?keyword=software+remote
Senior Data Engineer,https://job-boards.greenhouse.io/blastpoint?keyword=software+remote
Health Data Consultant,https://job-boards.greenhouse.io/gradientai?keyword=software+remote
Senior AI Software Engineer,https://www.sentinelone.com/jobs?keyword=software+remote
Sr. Software Engineer-AI Reliability,https://job-boards.greenhouse.io/mixmode?keyword=software+remote
"Senior Software Engineer, Infrastructure",https://job-boards.greenhouse.io/afresh?keyword=software+remote
Data Scientist III/Sr/Principal,https://job-boards.greenhouse.io/eqtcorporation?keyword=software+remote
" Senior, Data Analytics",https://job-boards.greenhouse.io/dept?keyword=software+remote
Senior Data Engineer,https://job-boards.greenhouse.io/trellahealth?keyword=software+remote
Sr. Data Engineer,https://job-boards.greenhouse.io/akidolabs?keyword=software+remote
Senior Data Engineer,https://job-boards.greenhouse.io/federato?keyword=software+remote
Staff Backend Engineer,https://job-boards.greenhouse.io/formaaiinc?keyword=software+remote
"Software Engineer, Functional Safety",https://job-boards.greenhouse.io/tenstorrent?keyword=software+remote
Software Architect,https://job-boards.greenhouse.io/bugcrowd?keyword=software+remote
AI Tutor - Software Engineer Specialist,https://job-boards.greenhouse.io/xai?keyword=software+remote
Senior Software Engineer (Remote),https://job-boards.greenhouse.io/givedirectly?keyword=software+remote
Senior AI Platform Engineer,https://job-boards.greenhouse.io/lirio?keyword=software+remote
Senior ML Engineer,https://job-boards.greenhouse.io/capitalrx?keyword=software+remote
Backend Software Engineer,https://job-boards.greenhouse.io/gravwell?keyword=software+remote
Software Engineer,https://job-boards.greenhouse.io/backstroke?keyword=software+remote
Senior Software Engineer,https://job-boards.greenhouse.io/system?keyword=software+remote
.NET & React Engineer (Mid Level) - Contractor,https://job-boards.greenhouse.io/simpluris?keyword=software+remote
Senior Frontend Engineer,https://job-boards.greenhouse.io/underdogfantasy?keyword=software+remote
"Senior Software Engineer, Provider ",https://job-boards.greenhouse.io/zocdoc?keyword=software+remote
", Machine Learning Datasets",https://job-boards.greenhouse.io/runwayml?keyword=software+remote
Senior Data Consultant,https://job-boards.greenhouse.io/quisitivejobs?keyword=software+remote
"Senior Data Engineer, Platform & Pipelines",https://job-boards.greenhouse.io/natera?keyword=software+remote
Senior AI Engineer,https://job-boards.greenhouse.io/osano?keyword=software+remote
Senior integrations engineer,https://job-boards.greenhouse.io/mavenclinic?keyword=software+remote
Software Engineer,https://job-boards.greenhouse.io/carrotfertility?keyword=software+remote
Senior Data Scientist ,https://job-boards.greenhouse.io/apolloio?keyword=software+remote
"Senior Engineer, Machine Learning",https://job-boards.greenhouse.io/mntn?keyword=software+remote
Senior ML Engineer,https://job-boards.greenhouse.io/hoppr?keyword=software+remote
Lead Data Engineer,https://job-boards.greenhouse.io/hopscotchprimarycare?keyword=software+remote
"Senior Software Engineer, RDI",https://job-boards.greenhouse.io/redis?keyword=software+remote
"Software Engineer, Machine Learning",https://job-boards.greenhouse.io/overlandai?keyword=software+remote
Senior Full Stack Software Engineer,https://job-boards.greenhouse.io/bouldercare?keyword=software+remote
Full-Stack Developer (RxNorm),https://job-boards.greenhouse.io/blackcanyonconsulting?keyword=software+remote
Full Stack Developer,https://job-boards.greenhouse.io/npt2?keyword=software+remote
Senior Full Stack Developer,https://job-boards.greenhouse.io/webchartnow?keyword=software+remote
Senior Full Stack Engineer,https://job-boards.greenhouse.io/imagentechnologies?keyword=software+remote
Senior Full Stack Developer (Ruby on Rails),https://job-boards.greenhouse.io/prevail?keyword=software+remote
Full Stack Software Engineer,https://dispatch.me/about?keyword=software+remote
RxSense,https://job-boards.greenhouse.io/rxsense?keyword=software+remote
Staff Software Engineer,https://job-boards.greenhouse.io/usenourish?keyword=software+remote
Lead Web Developer,https://job-boards.greenhouse.io/arcesiumllc?keyword=software+remote
Software Engineer - Billing Platform (SWE II or Senior),https://job-boards.greenhouse.io/growtherapy?keyword=software+remote
Sr. Software Engineer,https://job-boards.greenhouse.io/centralreach?keyword=software+remote
Machine Learning Scientist,https://job-boards.greenhouse.io/sesai?keyword=software+remote
Software Engineer,https://job-boards.greenhouse.io/litify?keyword=software+remote
Senior Software Engineer,https://job-boards.greenhouse.io/survata?keyword=software+remote
Software Engineer,https://job-boards.greenhouse.io/anaplan?keyword=software+remote
Senior ML Engineer,https://job-boards.greenhouse.io/corelight?keyword=software+remote
Principal Data Scientist,https://job-boards.greenhouse.io/missionlane?keyword=software+remote
Research Data Scientist,https://job-boards.greenhouse.io/swayable?keyword=software+remote
Data Scientist ,https://job-boards.greenhouse.io/grayscaleinvestments?keyword=software+remote
Senior Machine Learning Engineer,https://job-boards.greenhouse.io/shopmy?keyword=software+remote
Staff Software Engineer,https://job-boards.greenhouse.io/sureify?keyword=software+remote
Staff Software Engineer,https://job-boards.greenhouse.io/mattermost?keyword=software+remote
Senior Software Engineer,https://job-boards.eu.greenhouse.io/nexgencloud?keyword=software+remote
Mid-Level Full Stack Developer,https://www.harmonia.com/job-application?keyword=software+remote
Senior Software Engineer - Full Stack,https://boards.greenhouse.io/greynoiseintelligence?keyword=software+remote
Senior Full Stack Engineer,https://pluribusdigital.com/join?keyword=software+remote
"Staff Engineer, Full Stack",https://job-boards.greenhouse.io/sondermind?keyword=software+remote
Full Stack Engineer,https://eosits.com/about?keyword=software+remote
"Full Stack Engineer, React Native",https://job-boards.greenhouse.io/roo?keyword=software+remote
Senior Full Stack Engineer,https://job-boards.greenhouse.io/outlive?keyword=software+remote
Software Engineer: Full Stack,https://job-boards.greenhouse.io/thatch?keyword=software+remote
Senior / Staff AI Software Engineer,https://job-boards.greenhouse.io/aegisventures?keyword=software+remote
Senior Data Scientist,https://job-boards.greenhouse.io/definitivehc?keyword=software+remote
Senior Data Scientist,https://job-boards.eu.greenhouse.io/sandtechholdingslimited?keyword=software+remote
Senior Machine Learning Engineer,https://job-boards.greenhouse.io/greenhouse?keyword=software+remote
Applied AI Engineer,https://job-boards.greenhouse.io/cordial81?keyword=software+remote
Senior/Staff AI Research Engineer,https://job-boards.greenhouse.io/humeai?keyword=software+remote
Machine Learning Engineer,https://job-boards.greenhouse.io/swishanalytics?keyword=software+remote
"Staff Data Scientist, Revenue",https://job-boards.greenhouse.io/mozilla?keyword=software+remote
Lead Data Engineer,https://job-boards.greenhouse.io/zora?keyword=software+remote
Senior Full-Stack Engineer,https://job-boards.greenhouse.io/forerunner?keyword=software+remote
Senior Fullstack Software Engineer - Next.js,https://job-boards.greenhouse.io/constantcontact?keyword=software+remote
Senior Software Engineer,https://job-boards.greenhouse.io/garnerhealth?keyword=software+remote
Senior ML Engineer,https://job-boards.greenhouse.io/yurtsai?keyword=software+remote
Senior Data Engineer,https://job-boards.greenhouse.io/vannahealth?keyword=software+remote
Data Engineer,https://job-boards.greenhouse.io/funga?keyword=software+remote
Senior Software Engineer - Frontend,https://job-boards.greenhouse.io/sphinxdefense?keyword=software+remote
Staff Full Stack Engineer,https://job-boards.greenhouse.io/topsteptrader?keyword=software+remote
Senior ML Engineer,https://job-boards.greenhouse.io/wavemm1?keyword=software+remote
"Lead Software Engineer, AI Planning",https://job-boards.greenhouse.io/divergent?keyword=software+remote
ML Engineer,https://job-boards.greenhouse.io/outschool?keyword=software+remote
Senior Backend Engineer - Platform & Infrastructure,https://job-boards.greenhouse.io/prismatic?keyword=software+remote
Senior Full Stack Engineer | AI/SaaS,https://job-boards.greenhouse.io/forethought?keyword=software+remote
Principal Full Stack Engineer,https://job-boards.greenhouse.io/steercrm?keyword=software+remote
"Backend Engineer II (Remote, US)",http://job-boards.greenhouse.io/openly?keyword=software+remote
Senior Software Engineer (Remote) United States,http://job-boards.greenhouse.io/pomelocare?keyword=software+remote
Senior Software Engineer backend ,https://job-boards.greenhouse.io/knock?keyword=software+remote
Machine learning Engineer,https://job-boards.greenhouse.io/whalarinc?keyword=software+remote
"Senior Software Engineer, Marketplace",https://job-boards.greenhouse.io/fleetio?keyword=software+remote
Senior Software Engineer - SIEM Platform (Ruby/Rails),https://job-boards.greenhouse.io/huntress?keyword=software+remote
Front-End Software Engineer IV (React/Typescript),https://job-boards.greenhouse.io/beaconbiosignals?keyword=software+remote
"Senior Software Engineer, Scientific Computing",https://job-boards.greenhouse.io/koboldmetals?keyword=software+remote
Staff Cloud Engineer,https://job-boards.greenhouse.io/altanaai?keyword=software+remote
Senior Software Engineer Cloud Engineering,https://job-boards.greenhouse.io/startree?keyword=software+remote
Senior Staff Software Engineer,https://job-boards.greenhouse.io/galileofinancialtechnologies?keyword=software+remote
"Senior Software Engineer, Blockchain Protocols",https://job-boards.greenhouse.io/trmlabs?keyword=software+remote
"Senior Software Engineer, Data Solutions",https://job-boards.greenhouse.io/abacusinsights?keyword=software+remote
Sr. Software Engineer I - Core Team,https://job-boards.greenhouse.io/opploans?keyword=software+remote
Senior Software Engineer - Backend,https://job-boards.greenhouse.io/cbinsights?keyword=software+remote
"Senior Software Developer in Test, Performance",https://job-boards.greenhouse.io/cribl?keyword=software+remote
Lead AWS Cloud DevOps Engineer,https://job-boards.greenhouse.io/shift4?keyword=software+remote
DevOps Engineer,https://job-boards.greenhouse.io/clerri?keyword=software+remote
"Senior Software Engineer, Helios",https://job-boards.greenhouse.io/singlestore?keyword=software+remote
"Senior Frontend Software Engineer, Dashboard Experience",https://job-boards.greenhouse.io/cloudflare?keyword=software+remote
Senior Golang Backend Engineer -Contract (US Based),https://job-boards.greenhouse.io/verygoodventures?keyword=software+remote
Backend Engineering Team Lead,https://job-boards.greenhouse.io/supplyhouse?keyword=software+remote
Staff Backend Software Engineer,https://job-boards.greenhouse.io/sironamedical?keyword=software+remote
iOS & Backend Engineer,https://canvas.io/careers?keyword=software+remote
Senior Full Stack Engineer,https://platomics.com/career?keyword=software+remote
Staff Frontend Engineer,https://job-boards.greenhouse.io/aerospike?keyword=software+remote
Lead Quality Assurance Engineer - Frontends Development,https://job-boards.greenhouse.io/hudl?keyword=software+remote
"Senior Software Engineer, Data Systems (Python)",https://job-boards.greenhouse.io/northbeam?keyword=software+remote
Senior Software Engineer - Reliability,https://job-boards.greenhouse.io/freenome?keyword=software+remote
"Data Scientist, AI Engineering",https://job-boards.greenhouse.io/candidly?keyword=software+remote
Senior Machine Learning Data Scientist,https://job-boards.greenhouse.io/extend?keyword=software+remote
Staff AI Product Engineer,https://job-boards.greenhouse.io/modernhealth?keyword=software+remote
Lead AI Product Engineer,https://job-boards.greenhouse.io/mitratech?keyword=software+remote
"Senior Full-Stack Engineer - Chicago, IL",https://job-boards.greenhouse.io/humanagency?keyword=software+remote
Sr. Software Engineer,https://job-boards.greenhouse.io/designedconveyorsystems?keyword=software+remote
 Senior Backend Engineer,https://www.plume.com/career-opportunities?gh_jid=8389884002&gh_src=my.greenhouse.search?keyword=software+remote
Software Engineer (Remote),https://imply.io/positions?keyword=software+remote
Staff Software Quality Engineer,https://cleerlyhealth.com/careers-board?gh_jid=5779922004&gh_src=my.greenhouse.search?keyword=software+remote
Senior DevSecOps Engineer,https://job-boards.greenhouse.io/thrivecart?keyword=software+remote
Senior Java Developer,https://job-boards.greenhouse.io/behavox?keyword=software+remote
Senior IT Engineer,https://job-boards.greenhouse.io/pulley?keyword=software+remote
Staff Software Engineer,https://job-boards.greenhouse.io/fetchrewards?keyword=software+remote
Senior Software Engineering Manager,https://job-boards.greenhouse.io/novacredit?keyword=software+remote
Senior Software Engineer (Node/AWS),https://www.jahnelgroup.com/apply.html?gh_jid=5031476007&gh_src=my.greenhouse.search?keyword=software+remote
Senior Software Engineer,https://www.amwins.com/who-we-are?keyword=software+remote
Senior Software Engineer (React),https://bitso.com/jobs?gh_jid=7590074003&gh_src=my.greenhouse.search?keyword=software+remote
Senior AI Software Engineer,https://bishopfox.com/jobs?gh_jid=7554574&gh_src=my.greenhouse.search?keyword=software+remote
 Senior Software Development Engineer,https://job-boards.greenhouse.io/bpcs?keyword=software+remote
Senior Software Engineer – Karpenter,https://cast.ai/careers?keyword=software+remote
Senior Autonomy Software Engineer,https://job-boards.greenhouse.io/apptronik?keyword=software+remote
Applied Software Engineer II,https://job-boards.greenhouse.io/civisanalytics?keyword=software+remote
"Staff Software Engineer, Applied AI/ML Products",https://job-boards.greenhouse.io/cambiareducation?keyword=software+remote
Software Engineer (Backend),https://job-boards.greenhouse.io/oneimaging?keyword=software+remote
Principal Data Engineer - AI ,https://job-boards.greenhouse.io/upboundext?keyword=software+remote
Senior Front-End Engineer,https://job-boards.greenhouse.io/robotsandpencils?keyword=software+remote
"Senior Software Engineer, Backend",https://job-boards.greenhouse.io/rapidsos?keyword=software+remote
AI/ML Software Engineer ,https://job-boards.greenhouse.io/rocketlawyer?keyword=software+remote
Sr Ai platform,https://job-boards.greenhouse.io/lendingtree?keyword=software+remote
Senior Software Engineer - Full Stack,https://job-boards.greenhouse.io/bitcoindepot?keyword=software+remote
Senior Full Stack Developer,https://job-boards.greenhouse.io/medicalinformaticsengineering?keyword=software+remote
Staff Software Engineer - Front End,https://job-boards.greenhouse.io/euclidpower?keyword=software+remote
Senior Software Engineer (Backend / Full Stack),https://job-boards.greenhouse.io/nametag?keyword=software+remote
Machine Learning Engineer,https://job-boards.greenhouse.io/flovisionsolutions?keyword=software+remote
Full Stack Tech Lead,https://job-boards.greenhouse.io/oshihealth?keyword=software+remote
"Senior Software Engineer, Full-Stack",https://job-boards.greenhouse.io/careaccess?keyword=software+remote
Senior Backend Engineer,https://job-boards.greenhouse.io/customerio?keyword=software+remote
Senior Professional Services Software Engineer,https://job-boards.eu.greenhouse.io/nice?keyword=software+remote
Senior backend engineer ,https://job-boards.greenhouse.io/axon?keyword=software+remote
Senior Full-Stack Engineer,https://job-boards.greenhouse.io/redcellpartners?keyword=software+remote
Senior Fullstack Software Engineer,https://job-boards.greenhouse.io/agilesix?keyword=software+remote
Senior backend engineer,https://job-boards.greenhouse.io/parsleyhealth?keyword=software+remote
Fullstack Engineer,https://job-boards.greenhouse.io/planningcenter?keyword=software+remote
Senior Software Engineer - Backend,https://job-boards.greenhouse.io/pacaso?keyword=software+remote
Senior software engineer,https://job-boards.greenhouse.io/evolvevacationrental?keyword=software+remote
Full Stack Engineer,https://job-boards.greenhouse.io/dante?keyword=software+remote
Full-Stack Engineer,https://job-boards.greenhouse.io/splitero?keyword=software+remote
Full Stack Developer,https://job-boards.greenhouse.io/flowfuse?keyword=software+remote
Senior software engineer,https://www.crossriver.com/greenhouse?gh_jid=6586355003?keyword=software+remote
Senior software Engineer,https://job-boards.greenhouse.io/sparkadvisors?keyword=software+remote
Sr. (Full Stack) Software Engineer,https://job-boards.greenhouse.io/synthesishealth?keyword=software+remote
Software Engineer II,https://job-boards.greenhouse.io/alma?keyword=software+remote
Software Engineer II – Full Stack Vue & .NET,https://job-boards.greenhouse.io/55564patriot334567software868575745?keyword=software+remote
Senior Software Engineer,https://job-boards.greenhouse.io/thedutchie?keyword=software+remote
Senior software engineer backend ,https://job-boards.greenhouse.io/twinhealth?keyword=software+remote
Full stack engineer,https://job-boards.greenhouse.io/meshy?keyword=software+remote
Full Stack Software Engineer,https://job-boards.eu.greenhouse.io/unframe?keyword=software+remote
Senior Full Stack Web Engineer,https://job-boards.greenhouse.io/engine?keyword=software+remote
Senior Full Stack Engineer,https://job-boards.greenhouse.io/propel?keyword=software+remote
Full Stack Engineer,https://job-boards.greenhouse.io/submittable?keyword=software+remote
Senior software engineer,https://job-boards.greenhouse.io/babylist?keyword=software+remote
Senior backend engineer,https://job-boards.greenhouse.io/uniswaplabs?keyword=software+remote
Senior software engineer,https://job-boards.greenhouse.io/srsacquiom?keyword=software+remote
