company,career_page
Pulumi,https://job-boards.greenhouse.io/pulumicorporation?keyword=software+remote
tvScientific,https://job-boards.greenhouse.io/tvscientificpoweredbypinterest?keyword=software+remote
Turnkey,https://job-boards.greenhouse.io/turnkeycareers?keyword=software+remote
Keeper Security,https://job-boards.greenhouse.io/keepersecurity?keyword=software+remote
Truffle Security,https://job-boards.greenhouse.io/trufflesecurity?keyword=software+remote
Pine Park Health,https://job-boards.greenhouse.io/pineparkhealth?keyword=software+remote
Philo.,https://www.linkedin.com/safety?keyword=software+remote
Obsidian Security,https://job-boards.greenhouse.io/obsidiansecurity?keyword=software+remote
Veeam Software,https://job-boards.eu.greenhouse.io/veeamsoftware?keyword=software+remote
Factored,https://job-boards.greenhouse.io/factored?keyword=software+remote
Nava PBC,https://job-boards.greenhouse.io/navapbc?keyword=software+remote
Censys,https://job-boards.greenhouse.io/censys?keyword=software+remote
StackAdapt,https://job-boards.greenhouse.io/stackadapt?keyword=software+remote
VulnCheck,https://job-boards.greenhouse.io/vulncheck?keyword=software+remote
Reddit,https://job-boards.greenhouse.io/reddit?keyword=software+remote
Alpaca,https://job-boards.greenhouse.io/alpaca?keyword=software+remote
ExtraHop,https://job-boards.greenhouse.io/extrahopnetworks?keyword=software+remote
Ocrolus Inc.,https://job-boards.greenhouse.io/ocrolusinc?keyword=software+remote
Temporal,https://job-boards.greenhouse.io/temporaltechnologies?keyword=software+remote
"Keyfactor, Inc.",https://job-boards.greenhouse.io/keyfactorinc?keyword=software+remote
Chainguard,https://job-boards.greenhouse.io/chainguard?keyword=software+remote
Tria Federal,https://job-boards.greenhouse.io/embed?keyword=software+remote
Minitab,https://job-boards.greenhouse.io/minitab?keyword=software+remote
GitLab,https://job-boards.greenhouse.io/gitlab?keyword=software+remote
TenableInc.,https://job-boards.greenhouse.io/tenableinc?keyword=software+remote
ZipRecruiter,http://job-boards.greenhouse.io/ziprecruiter?keyword=software+remote
Addepar,http://job-boards.greenhouse.io/addepar1?keyword=software+remote
openlly,https://job-boards.greenhouse.io/openly?keyword=software+remote
Rent the Runway,https://job-boards.greenhouse.io/renttherunway?keyword=software+remote
NetBrain,https://job-boards.greenhouse.io/netbrain?keyword=software+remote
Paradigm Health,http://job-boards.greenhouse.io/paradigminccareersopenpositions?keyword=software+remote
"ePlus Technology, inc.",https://job-boards.greenhouse.io/eplusinc?keyword=software+remote
Zone & Co,https://job-boards.greenhouse.io/zonecompanysoftwareconsultingllc?keyword=software+remote
Nearform,https://job-boards.greenhouse.io/nearform?keyword=software+remote
Affirm,https://job-boards.greenhouse.io/affirm?keyword=software+remote
Bloomreach,https://job-boards.greenhouse.io/bloomreach?keyword=software+remote
TubeScience,https://job-boards.greenhouse.io/tubescience52?keyword=software+remote
True Anomaly,https://job-boards.greenhouse.io/trueanomalyinc?keyword=software+remote
firsthand Health,https://job-boards.greenhouse.io/firsthand?keyword=software+remote
SmithRx,https://job-boards.greenhouse.io/smithrx?keyword=software+remote
"Solo.io, Inc.",https://job-boards.greenhouse.io/soloioinc?keyword=software+remote
Grafana Labs,https://job-boards.greenhouse.io/grafanalabs?keyword=software+remote
Snorkel AI,https://job-boards.greenhouse.io/snorkelai?keyword=software+remote
Zeta Global,https://job-boards.greenhouse.io/zetaglobal?keyword=software+remote
New Era Tech,https://job-boards.greenhouse.io/neweratechnology?keyword=software+remote
Mesh,https://job-boards.greenhouse.io/mesh?keyword=software+remote
Telnyx,https://job-boards.greenhouse.io/telnyx54?keyword=software+remote
Wheely,https://job-boards.greenhouse.io/wheely?keyword=software+remote
Upwork,https://job-boards.greenhouse.io/upwork?keyword=software+remote
Trace3,https://job-boards.greenhouse.io/trace3?keyword=software+remote
Twilio,https://job-boards.greenhouse.io/twilio?keyword=software+remote
Sonatus,https://job-boards.greenhouse.io/sonatus?keyword=software+remote
Janea Systems,https://job-boards.greenhouse.io/janeasystems?keyword=software+remote
Exadel Inc,https://job-boards.greenhouse.io/exadelinc?keyword=software+remote
Dagster Labs,http://job-boards.greenhouse.io/dagsterlabs?keyword=software+remote
ReadySet Technology Inc.,https://job-boards.greenhouse.io/readysettechnologyinc?keyword=software+remote
Hightouch,https://job-boards.greenhouse.io/hightouch?keyword=software+remote
NEORIS,https://job-boards.greenhouse.io/neoris?keyword=software+remote
ExpressVPN,https://job-boards.greenhouse.io/expressvpn?keyword=software+remote
Anthropic,http://job-boards.greenhouse.io/anthropic?keyword=software+remote
Vercel,https://job-boards.greenhouse.io/vercel?keyword=software+remote
onX,https://job-boards.greenhouse.io/onxmaps?keyword=software+remote
Hyphen Connect Limited,https://job-boards.greenhouse.io/hyphenconnect?keyword=software+remote
EnergyHub,https://job-boards.greenhouse.io/energyhub?keyword=software+remote
YugabyteDB,https://job-boards.greenhouse.io/yugabyte?keyword=software+remote
B12,https://job-boards.greenhouse.io/b12?keyword=software+remote
"ShipBob, Inc.",https://job-boards.greenhouse.io/shipbobinc?keyword=software+remote
Duetto Research,https://job-boards.greenhouse.io/duettoresearch?keyword=software+remote
Zencoder,https://job-boards.greenhouse.io/zencoder?keyword=software+remote
Checkr,https://job-boards.greenhouse.io/checkr?keyword=software+remote
"Buyers Edge Platform, LLC",https://job-boards.greenhouse.io/buyersedgeplatformrecruiting?keyword=software+remote
Finite State,https://job-boards.greenhouse.io/finitestate?keyword=software+remote
"LeoLabs, Inc.",https://job-boards.greenhouse.io/leolabsinc?keyword=software+remote
"Chime Financial, Inc",https://job-boards.greenhouse.io/chime?keyword=software+remote
Automattic,https://job-boards.greenhouse.io/automatticcareers?keyword=software+remote
Life360,https://job-boards.greenhouse.io/life360?keyword=software+remote
Philo,https://job-boards.greenhouse.io/philo?keyword=software+remote
STR,https://job-boards.greenhouse.io/systemstechnologyresearch?keyword=software+remote
Zscaler,https://job-boards.greenhouse.io/zscaler?keyword=software+remote
Webflow,https://job-boards.greenhouse.io/webflow?keyword=software+remote
Smartsheet,https://job-boards.greenhouse.io/smartsheet?keyword=software+remote
Imagine Pediatrics,https://job-boards.greenhouse.io/imaginepediatrics?keyword=software+remote
The Trade Desk,https://job-boards.greenhouse.io/thetradedesk?keyword=software+remote
Lazarus,https://job-boards.greenhouse.io/lazarusenterprises?keyword=software+remote
Sayari,https://job-boards.greenhouse.io/sayari?keyword=software+remote
Digible,https://job-boards.greenhouse.io/digible?keyword=software+remote
Ōura,https://job-boards.greenhouse.io/oura?keyword=software+remote
Planet,https://job-boards.greenhouse.io/planetlabs?keyword=software+remote
Gradial,https://job-boards.greenhouse.io/gradial?keyword=software+remote
Effectual,https://job-boards.greenhouse.io/effectual?keyword=software+remote
NetDocuments,https://job-boards.greenhouse.io/netdocuments?keyword=software+remote
Algolia,https://job-boards.greenhouse.io/algolia?keyword=software+remote
"AssetWatch, Inc.",https://job-boards.greenhouse.io/assetwatch?keyword=software+remote
Figure Lending,https://job-boards.greenhouse.io/figure?keyword=software+remote
Focal Systems,https://job-boards.greenhouse.io/focalsystems?keyword=software+remote
Qualio,https://job-boards.greenhouse.io/qualio?keyword=software+remote
INFUSE,https://job-boards.greenhouse.io/infuse?keyword=software+remote
Shift Technology,https://job-boards.greenhouse.io/shifttechnology?keyword=software+remote
Point Wild,https://job-boards.greenhouse.io/pointwild?keyword=software+remote
Apaleo,https://job-boards.greenhouse.io/apaleo?keyword=software+remote
StyleSeat,https://job-boards.greenhouse.io/styleseat32?keyword=software+remote
G-P,https://job-boards.greenhouse.io/globalizationpartners?keyword=software+remote
ShopFully,https://job-boards.greenhouse.io/shopfully?keyword=software+remote
Anthropic,https://job-boards.greenhouse.io/anthropic?keyword=software+remote
Dataiku,https://job-boards.greenhouse.io/dataikujobs?keyword=software+remote
Awin,https://job-boards.greenhouse.io/awin?keyword=software+remote
Verse,https://job-boards.greenhouse.io/verse?keyword=software+remote
Kalepa,https://job-boards.greenhouse.io/kalepa?keyword=software+remote
Re:Build Manufacturing,https://job-boards.greenhouse.io/rebuildmanufacturing?keyword=software+remote
BeyondTrust,https://job-boards.greenhouse.io/beyondtrust?keyword=software+remote
FormativGroup,https://job-boards.greenhouse.io/formativgroup?keyword=software+remote
Q-Centrix,https://job-boards.greenhouse.io/qcentrix?keyword=software+remote
Hungryroot,https://job-boards.greenhouse.io/hungryroot?keyword=software+remote
Clarity Innovations,https://job-boards.greenhouse.io/clarityinnovates?keyword=software+remote
ApartmentIQ,https://job-boards.greenhouse.io/apartmentiq?keyword=software+remote
Tailscale,https://job-boards.greenhouse.io/tailscale?keyword=software+remote
Applied Intuition,https://job-boards.greenhouse.io/appliedintuition?keyword=software+remote
AlphaSense,https://job-boards.greenhouse.io/alphasense?keyword=software+remote
DebtBook,https://job-boards.greenhouse.io/debtbook?keyword=software+remote
AppOmni,https://job-boards.greenhouse.io/appomni?keyword=software+remote
Thumbtack,https://job-boards.greenhouse.io/thumbtack?keyword=software+remote
Alvys,https://job-boards.greenhouse.io/alvys?keyword=software+remote
"Kard Financial, Inc.",https://job-boards.greenhouse.io/kardfinancialinc?keyword=software+remote
Loop,https://job-boards.greenhouse.io/loop?keyword=software+remote
Arena Club,https://job-boards.greenhouse.io/arenaclub?keyword=software+remote
Accenture Federal Services,https://job-boards.greenhouse.io/accenturefederalservices?keyword=software+remote
Visual Concepts,https://job-boards.greenhouse.io/visualconcepts?error=true?keyword=software+remote
SpyCloud,https://job-boards.greenhouse.io/spycloud?keyword=software+remote
Built Technologies,https://job-boards.greenhouse.io/getbuilt?keyword=software+remote
Lithic,https://job-boards.greenhouse.io/lithic?keyword=software+remote
Known,https://job-boards.greenhouse.io/known?keyword=software+remote
League Inc.,https://job-boards.greenhouse.io/leagueinc?keyword=software+remote
Figma,https://job-boards.greenhouse.io/figma?keyword=software+remote
Washington,https://job-boards.greenhouse.io/scaleai?keyword=software+remote
Anduril Industries,https://job-boards.greenhouse.io/andurilindustries?keyword=software+remote
Redpanda Data,https://job-boards.greenhouse.io/redpandadata?keyword=software+remote
Stack AV,https://job-boards.greenhouse.io/stackav?keyword=software+remote
Scopely,https://job-boards.greenhouse.io/scopely?keyword=software+remote
Bluefish AI,https://job-boards.greenhouse.io/bluefishai?keyword=software+remote
Dataiku,https://job-boards.greenhouse.io/dataiku?keyword=software+remote
Mirakl,https://job-boards.greenhouse.io/mirakllabs?keyword=software+remote
Medallion,https://job-boards.greenhouse.io/medallionakafirstlayerai?keyword=software+remote
Awesome,https://job-boards.greenhouse.io/flickr?keyword=software+remote
Tend,https://app.careerpuck.com/job-board?keyword=software+remote
Seesaw,https://job-boards.greenhouse.io/seesaw?keyword=software+remote
Fictiv,https://job-boards.greenhouse.io/fictiv?keyword=software+remote
Playlist,https://playlist.com/careers?keyword=software+remote
Unanet,https://job-boards.greenhouse.io/unanet?keyword=software+remote
SmartRent,https://job-boards.greenhouse.io/smartrent?keyword=software+remote
Able,https://job-boards.greenhouse.io/able?keyword=software+remote
BETA Technologies,https://job-boards.greenhouse.io/betatechnologiesinc?keyword=software+remote
Epic Kids Inc.,https://job-boards.greenhouse.io/epickids?keyword=software+remote
Honor,https://job-boards.greenhouse.io/honor?keyword=software+remote
Cision,https://job-boards.greenhouse.io/cision?keyword=software+remote
JetBrains,https://job-boards.greenhouse.io/jetbrains?keyword=software+remote
Vonage,https://job-boards.greenhouse.io/vonage?keyword=software+remote
Cresta,https://job-boards.greenhouse.io/cresta?keyword=software+remote
Phaidra,https://job-boards.greenhouse.io/phaidra?keyword=software+remote
DistantJob,https://job-boards.greenhouse.io/distantjob?keyword=software+remote
Lucenia Inc.,https://job-boards.greenhouse.io/lucenia?keyword=software+remote
GR8 Tech,https://job-boards.eu.greenhouse.io/gr8tech?keyword=software+remote
Affirm,https://job-boards.greenhouse.io/affinitiv?keyword=software+remote
Forge Global,https://job-boards.greenhouse.io/forgeglobal?keyword=software+remote
Tebra,https://job-boards.greenhouse.io/tebra?keyword=software+remote
dv01,https://job-boards.greenhouse.io/dv01?keyword=software+remote
SmarterDx,https://job-boards.greenhouse.io/smarterdx?keyword=software+remote
NewRocket,https://www.newrocket.com/careers?keyword=software+remote
UJET,https://job-boards.greenhouse.io/ujet?keyword=software+remote
FreedomCare,https://freedomcare.com/jobs?keyword=software+remote
Arize AI,https://job-boards.greenhouse.io/arizeai?keyword=software+remote
"AvidXchange, Inc.",https://job-boards.greenhouse.io/avidxchangeinc?keyword=software+remote
Kindo,https://job-boards.greenhouse.io/kindo?keyword=software+remote
Caylent,https://job-boards.greenhouse.io/caylent?keyword=software+remote
Oklo,https://job-boards.greenhouse.io/oklo?keyword=software+remote
ngrok Inc.,https://job-boards.greenhouse.io/ngrokinc?keyword=software+remote
ALTEN Technology USA,https://job-boards.greenhouse.io/altentechnologyusa?keyword=software+remote
Resonate,https://job-boards.greenhouse.io/resonate?keyword=software+remote
Defense Unicorns,https://job-boards.greenhouse.io/defenseunicorns?keyword=software+remote
BetterHelp,https://job-boards.greenhouse.io/betterhelpcom?keyword=software+remote
Palmetto Clean Technology,https://job-boards.greenhouse.io/palmettocleantech?keyword=software+remote
Valtech,https://job-boards.greenhouse.io/valtech?keyword=software+remote
Trivelta,https://job-boards.greenhouse.io/trivelta?keyword=software+remote
Gravity Payments,https://job-boards.greenhouse.io/gravitypayments17?keyword=software+remote
Workato,https://job-boards.greenhouse.io/workato?keyword=software+remote
dbt Labs,https://job-boards.greenhouse.io/dbtlabsinc?keyword=software+remote
Aura,https://job-boards.greenhouse.io/aura798?keyword=software+remote
Geotab,https://job-boards.greenhouse.io/geotab?keyword=software+remote
ecosio,https://job-boards.greenhouse.io/ecosio?keyword=software+remote
Gametime United,https://job-boards.greenhouse.io/gametimeunited?keyword=software+remote
Kapitus,https://job-boards.greenhouse.io/kapitus?keyword=software+remote
CyberSheath,https://job-boards.greenhouse.io/cybersheath?keyword=software+remote
"PVM, Inc.",https://job-boards.greenhouse.io/pvminc?keyword=software+remote
Fluencyy,https://www.fluency.inc/careers?gh_jid=4180822009&gh_src=my.greenhouse.search?keyword=software+remote
Shopmonke,https://boards.greenhouse.io/shopmonkey?keyword=software+remote
Shopmonkey,https://job-boards.greenhouse.io/shopmonkey?keyword=software+remote
540,https://job-boards.greenhouse.io/540?keyword=software+remote
Diligent Robotics,https://job-boards.greenhouse.io/diligentrobotics?keyword=software+remote
Strike,https://job-boards.greenhouse.io/strike?keyword=software+remote
Moxe Health,https://www.moxehealth.com/careers?keyword=software+remote
Skylight,https://job-boards.greenhouse.io/skylighthq?keyword=software+remote
MyFitnessPal,https://job-boards.greenhouse.io/myfitnesspal?keyword=software+remote
Headspace,https://job-boards.greenhouse.io/hs?keyword=software+remote
Postscript,https://job-boards.greenhouse.io/postscript?keyword=software+remote
PMG,https://job-boards.greenhouse.io/pmg?keyword=software+remote
Overstory,https://job-boards.eu.greenhouse.io/overstory?keyword=software+remote
Inovalon,https://inovalon.com/careers?keyword=software+remote
Wizard,https://job-boards.greenhouse.io/wizardcommerce?keyword=software+remote
dunnhumby,https://job-boards.greenhouse.io/dunnhumby?keyword=software+remote
Incode Technologies,https://job-boards.greenhouse.io/incode?keyword=software+remote
Recursion,https://job-boards.greenhouse.io/recursionpharmaceuticals?keyword=software+remote
Zip Co Limited,https://job-boards.greenhouse.io/zipcolimited?keyword=software+remote
Biohub,https://job-boards.greenhouse.io/biohub?keyword=software+remote
NISC,https://job-boards.greenhouse.io/testnisc?keyword=software+remote
Equilibrium Energy,https://job-boards.greenhouse.io/equilibriumenergy?keyword=software+remote
Fanatics Betting & Gaming,https://job-boards.greenhouse.io/fanaticsfbg?keyword=software+remote
Fluency,https://www.fluency.inc/careers?gh_jid=4179759009&gh_src=my.greenhouse.search?keyword=software+remote
Attune,https://job-boards.greenhouse.io/attune?keyword=software+remote
Iterable,https://job-boards.greenhouse.io/iterable?keyword=software+remote
ClickHouse,https://job-boards.greenhouse.io/clickhouse?keyword=software+remote
Attentive,https://job-boards.greenhouse.io/attentive?keyword=software+remote
OneStudyTeam,https://job-boards.greenhouse.io/onestudyteam?keyword=software+remote
DataCamp,https://job-boards.greenhouse.io/datacamp?keyword=software+remote
Thermal Works,https://job-boards.greenhouse.io/li-thermal-works?keyword=software+remote
iFIT,http://www.ifit.com/careers?gh_jid=4210293009&gh_src=my.greenhouse.search?keyword=software+remote
Playlist,https://www.playlist.com/careers?keyword=software+remote
Vannearlabs,https://job-boards.greenhouse.io/vannevarlabs?keyword=software+remote
Evio,https://job-boards.greenhouse.io/evio?keyword=software+remote
Coinme,https://job-boards.greenhouse.io/coinme?keyword=software+remote
PerfectServe,https://job-boards.greenhouse.io/perfectserve?keyword=software+remote
RegScale,https://job-boards.greenhouse.io/regscale?keyword=software+remote
Hummingbird S,https://job-boards.greenhouse.io/hummingbirdregtech?keyword=software+remote
Cayuse,https://job-boards.greenhouse.io/cayuse?keyword=software+remote
Equal Experts,https://job-boards.greenhouse.io/equalexperts?keyword=software+remote
LumiMeds,https://job-boards.greenhouse.io/lumimeds?keyword=software+remote
Transcarent,https://boards.greenhouse.io/transcarent?keyword=software+remote
HiddenLayer,https://job-boards.greenhouse.io/hiddenlayer?keyword=software+remote
Cavnue,https://job-boards.greenhouse.io/cavnue?keyword=software+remote
You.com,https://job-boards.greenhouse.io/youcom?keyword=software+remote
Campminder,https://job-boards.greenhouse.io/campminder?keyword=software+remote
iHerb,https://job-boards.greenhouse.io/iherb?keyword=software+remote
ZenBusiness Inc.,https://job-boards.greenhouse.io/zenbusiness?keyword=software+remote
Mercury,https://job-boards.greenhouse.io/mercury?keyword=software+remote
Exadel,https://job-boards.greenhouse.io/externaljobboards?keyword=software+remote
Teachstone,https://teachstone.com/careers?keyword=software+remote
Point72,https://job-boards.greenhouse.io/point72?keyword=software+remote
PlanOmatic,https://www.planomatic.com/about-planomatic?keyword=software+remote
Dragos,https://job-boards.greenhouse.io/dragos?keyword=software+remote
Plex,https://www.plex.tv/careers?keyword=software+remote
EvolutionIQ,https://job-boards.greenhouse.io/evolutioniq?keyword=software+remote
PatientPoint,https://job-boards.greenhouse.io/patientpoint?keyword=software+remote
AIM AI,https://funded.club/jobs.html?gh_jid=7680146003&gh_src=my.greenhouse.search?keyword=software+remote
Ethos Life,https://job-boards.greenhouse.io/ethoslife?keyword=software+remote
SambaNova Systems,https://sambanova.ai/sambanova-available-positions?keyword=software+remote
Defuse Labs,https://job-boards.eu.greenhouse.io/defuselabs?keyword=software+remote
Human Interest,https://job-boards.greenhouse.io/humaninterest?keyword=software+remote
Wavelo,https://job-boards.greenhouse.io/wavelo?keyword=software+remote
Canopy Works,https://job-boards.greenhouse.io/canopyworks?keyword=software+remote
Clover Health,https://job-boards.greenhouse.io/cloverhealth?keyword=software+remote
Crexi,https://job-boards.greenhouse.io/crexi?keyword=software+remote
Transcend Inc.,https://job-boards.greenhouse.io/transcendinc?keyword=software+remote
Bloomerang,https://job-boards.greenhouse.io/bloomerang?keyword=software+remote
Markforged,http://job-boards.greenhouse.io/markforged?keyword=software+remote
Interwell health,https://job-boards.greenhouse.io/interwellhealth?keyword=software+remote
Discord,https://job-boards.greenhouse.io/discord?keyword=software+remote
Flex,https://job-boards.greenhouse.io/flex?keyword=software+remote
Atlas HXM,https://job-boards.greenhouse.io/atlasxhm?keyword=software+remote
Glydways,https://job-boards.greenhouse.io/glydways?keyword=software+remote
Torc Robotics,https://job-boards.greenhouse.io/torcrobotics?keyword=software+remote
Lumos,https://job-boards.greenhouse.io/lumos?keyword=software+remote
Cordial,https://boards.greenhouse.io/cordial81?keyword=software+remote
Gong.io,https://job-boards.greenhouse.io/gongio?keyword=software+remote
Archer,https://job-boards.greenhouse.io/archer56?keyword=software+remote
Forward Networks,https://job-boards.greenhouse.io/forwardnetworks?keyword=software+remote
Tailscale,https://www.linkedin.com/redir?keyword=software+remote
Webstacks,https://job-boards.greenhouse.io/webstacks?keyword=software+remote
ZoomInfo,https://www.zoominfo.com/careers?keyword=software+remote
Capnexus,https://job-boards.greenhouse.io/capstoneintegratedsolutions?keyword=software+remote
Arcadia,https://job-boards.greenhouse.io/arcadiacareers?keyword=software+remote
ecoATM | Gazelle,https://job-boards.greenhouse.io/ecoatmgazelle?keyword=software+remote
Circle.so,https://job-boards.greenhouse.io/circleso?keyword=software+remote
Fiber by Clerkie,https://www.getfiber.ai/careers?gh_jid=5083312007&gh_src=my.greenhouse.search?keyword=software+remote
FERMÀT,https://job-boards.greenhouse.io/fermat?keyword=software+remote
Vectara,https://job-boards.greenhouse.io/vectara?keyword=software+remote
Lively,https://job-boards.greenhouse.io/lively43?keyword=software+remote
Medrio,https://job-boards.greenhouse.io/medrio?keyword=software+remote
Dagster Labs,https://job-boards.greenhouse.io/dagsterlabs?keyword=software+remote
Arine,https://job-boards.greenhouse.io/arine?keyword=software+remote
"Software Engineer, Backend (SDE2)",https://www.wearfigs.com/pages?keyword=software+remote
Cohere Health,https://job-boards.greenhouse.io/coherehealth?keyword=software+remote
Paradigm Health,https://job-boards.greenhouse.io/paradigminccareersopenpositions?keyword=software+remote
Buzz Solutions,https://job-boards.greenhouse.io/buzzsolutions?keyword=software+remote
LTK,https://job-boards.greenhouse.io/shopltk?keyword=software+remote
Cadence Solutions,https://job-boards.greenhouse.io/cadencesolutions?keyword=software+remote
Knack,https://job-boards.greenhouse.io/knack?keyword=software+remote
Wikimedia,https://job-boards.greenhouse.io/wikimedia?keyword=software+remote
Calendly,https://job-boards.greenhouse.io/calendly?keyword=software+remote
OneSix Solutions,https://job-boards.greenhouse.io/onesixsolutions27?keyword=software+remote
MEMX,https://job-boards.greenhouse.io/memx?keyword=software+remote
GHX,https://job-boards.greenhouse.io/globalhealthcareexchangeinc?keyword=software+remote
Paytient,https://job-boards.greenhouse.io/paytient?keyword=software+remote
LearnLux,https://job-boards.greenhouse.io/learnlux?keyword=software+remote
Sift Healthcare,https://job-boards.greenhouse.io/sifthealthcare?keyword=software+remote
Rackner,https://job-boards.greenhouse.io/rackner?keyword=software+remote
Honeycomb.io,https://job-boards.greenhouse.io/honeycomb?keyword=software+remote
Tekmetric,https://job-boards.greenhouse.io/tekmetric?keyword=software+remote
Rocket money,https://job-boards.greenhouse.io/truebill?keyword=software+remote
Cato Networks,http://boards.greenhouse.io/catonetworks?keyword=software+remote
Sagent,https://job-boards.greenhouse.io/sagent?keyword=software+remote
Addepar,https://job-boards.greenhouse.io/addepar1?keyword=software+remote
AppLovin,https://boards.greenhouse.io/applovin?keyword=software+remote
LeafLink,https://job-boards.greenhouse.io/leaflink?keyword=software+remote
MongoDB,http://boards.greenhouse.io/mongodb?keyword=software+remote
Viral Nation Inc.,https://job-boards.greenhouse.io/viralnation?keyword=software+remote
PandaDoc,https://job-boards.greenhouse.io/pandadoc?keyword=software+remote
"Gusto, Inc.",https://job-boards.greenhouse.io/gusto?keyword=software+remote
Neo4j,https://boards.greenhouse.io/neo4j?keyword=software+remote
Celigo,https://job-boards.greenhouse.io/celigo?keyword=software+remote
NMI,https://job-boards.greenhouse.io/nmi?keyword=software+remote
Headway,https://job-boards.greenhouse.io/headway?keyword=software+remote
Scale to Win,https://job-boards.greenhouse.io/scaletowinllc?keyword=software+remote
Sparrow,https://job-boards.greenhouse.io/sparrow?keyword=software+remote
Upstart,https://app.greenhouse.io/embed?keyword=software+remote
TerraClear,https://job-boards.greenhouse.io/terraclear?keyword=software+remote
Adapter,https://job-boards.greenhouse.io/adapter?keyword=software+remote
GOAT Group,https://job-boards.greenhouse.io/goatgroup?keyword=software+remote
Baubap,https://job-boards.greenhouse.io/baubap?keyword=software+remote
Signifyd,https://job-boards.greenhouse.io/signifyd95?keyword=software+remote
Valtech,https://job-boards.eu.greenhouse.io/valtech?keyword=software+remote
Kunai,https://job-boards.greenhouse.io/kunai?keyword=software+remote
Sumo Logic,https://job-boards.greenhouse.io/sumologic?keyword=software+remote
Tubi,https://job-boards.greenhouse.io/tubitv?keyword=software+remote
Elite Technology,https://job-boards.greenhouse.io/elitetechnology?keyword=software+remote
Descript,https://boards.greenhouse.io/descript?keyword=software+remote
NPR,https://job-boards.greenhouse.io/nationalpublicradioinc?keyword=software+remote
Warp,https://job-boards.greenhouse.io/warp?keyword=software+remote
Accenture Federal Services,https://boards.greenhouse.io/accenturefederalservices?keyword=software+remote
DHI Group,https://job-boards.greenhouse.io/dhigroupinc?keyword=software+remote
Mercari,https://job-boards.greenhouse.io/mercari?keyword=software+remote
ZipRecruiter,https://job-boards.greenhouse.io/ziprecruiter?keyword=software+remote
"Pathward, N.A.",https://job-boards.greenhouse.io/pathward?keyword=software+remote
Accela,https://job-boards.greenhouse.io/accela?keyword=software+remote
DoorDash,https://job-boards.greenhouse.io/doordashusa?keyword=software+remote
Moonlite,https://job-boards.greenhouse.io/moonlite?keyword=software+remote
Gensyn,https://job-boards.eu.greenhouse.io/gensyn?keyword=software+remote
Redwood Software,https://job-boards.greenhouse.io/redwoodsoftware?keyword=software+remote
NextRoll,https://job-boards.greenhouse.io/nextroll?keyword=software+remote
MyFunded Futures,https://job-boards.greenhouse.io/myfundedfutures?keyword=software+remote
Alt,https://job-boards.greenhouse.io/alt?keyword=software+remote
LaunchDarkly,https://job-boards.greenhouse.io/launchdarkly?keyword=software+remote
PathAI,http://boards.greenhouse.io/pathai?keyword=software+remote
WorkBoard,https://www.workboard.com/careers?keyword=software+remote
Flashfood,https://flashfood.com/en?keyword=software+remote
WorldStrides,https://job-boards.greenhouse.io/world4822stri986des?keyword=software+remote
Threeflow,https://job-boards.greenhouse.io/threeflow?keyword=software+remote
Santex,https://job-boards.greenhouse.io/santex?keyword=software+remote
Amplitude,https://job-boards.greenhouse.io/amplitude?keyword=software+remote
Fundraise Up,https://fundraiseup.com/careers?keyword=software+remote
Machinify,https://job-boards.greenhouse.io/machinifyinc?keyword=software+remote
PolyAI,https://job-boards.eu.greenhouse.io/polyai?keyword=software+remote
HumanSignal,https://job-boards.greenhouse.io/humansignal?keyword=software+remote
ClinChoice,https://job-boards.eu.greenhouse.io/clinchoice?keyword=software+remote
Omada Health,https://job-boards.greenhouse.io/omadahealth?keyword=software+remote
Radicle Health,https://job-boards.greenhouse.io/radiclehealth?keyword=software+remote
Inkind,https://job-boards.greenhouse.io/inkind?keyword=software+remote
Wasabi Technologies,https://job-boards.greenhouse.io/wasabi?keyword=software+remote
Accela,http://job-boards.greenhouse.io/accela?keyword=software+remote
Lattice,https://lattice.com/job?gh_jid=8463880002&gh_src=my.greenhouse.search?keyword=software+remote
Tines,https://job-boards.greenhouse.io/tines?keyword=software+remote
"Brandt Information Services, LLC",https://job-boards.greenhouse.io/brandtinformationservicesllc?keyword=software+remote
Dimagi,https://job-boards.greenhouse.io/dimagi?keyword=software+remote
Clockwork Systems,https://job-boards.greenhouse.io/clockworksystems?keyword=software+remote
Angi,https://job-boards.greenhouse.io/angi?keyword=software+remote
Khan Academy,https://job-boards.greenhouse.io/khanacademy?keyword=software+remote
Valo Health,https://job-boards.greenhouse.io/valohealth?keyword=software+remote
Monks,https://www.monks.com/careers?keyword=software+remote
TurbineOne,https://job-boards.greenhouse.io/turbineone?keyword=software+remote
Sparksoft Corporation,https://job-boards.greenhouse.io/sparksoftcorporation?keyword=software+remote
Zone 5 Technologies,https://job-boards.greenhouse.io/zone5technologies?keyword=software+remote
Nova Credit,https://boards.greenhouse.io/embed?keyword=software+remote
Affinity.co,https://job-boards.greenhouse.io/affinity?keyword=software+remote
eLEND,https://job-boards.greenhouse.io/elend?keyword=software+remote
Zeta Global,https://zetaglobal.com/jobs?keyword=software+remote
Technergetics,https://job-boards.greenhouse.io/technergetics?keyword=software+remote
DEFCON AI,https://job-boards.greenhouse.io/defcon?keyword=software+remote
FortifyIQ,https://job-boards.greenhouse.io/fortifyiq?keyword=software+remote
Bishop Fox,http://www.bishopfox.com/jobs?gh_jid=7623770&gh_src=my.greenhouse.search?keyword=software+remote
Rightway,https://www.rightwayhealthcare.com/jobs?gh_jid=7620614003&gh_src=my.greenhouse.search?keyword=software+remote
Observe.AI,https://www.observe.ai/position?gh_jid=5129722008&gh_src=my.greenhouse.search?keyword=software+remote
AssemblyAI,https://job-boards.greenhouse.io/assemblyai?keyword=software+remote
Tria Federal,https://triafed.com/jobs?keyword=software+remote
Granum,https://job-boards.greenhouse.io/granum?keyword=software+remote
"AWL (All Web Leads, Inc.)",https://job-boards.greenhouse.io/allwebleads?keyword=software+remote
FirmPilot,https://job-boards.greenhouse.io/firmpilotailawfirmmarketing?keyword=software+remote
GiveCampus,https://job-boards.greenhouse.io/givecampus?keyword=software+remote
Oula,https://job-boards.greenhouse.io/oulahealth?keyword=software+remote
Dark Wolf Solutions,https://job-boards.greenhouse.io/darkwolfsolutions?keyword=software+remote
Brave,https://job-boards.greenhouse.io/brave?keyword=software+remote
Branch,https://branch.io/careers?keyword=software+remote
Sezzle,https://job-boards.greenhouse.io/sezzle?keyword=software+remote
CompanyCam,https://companycam.com/job?gh_jid=7647713003&gh_src=my.greenhouse.search?keyword=software+remote
Beyond Finance,https://job-boards.greenhouse.io/beyondfinance?keyword=software+remote
Artisight,https://artisight.com/positions?keyword=software+remote
Trinity Logistics,https://trinitylogistics.com/join-us?keyword=software+remote
Narvar,https://job-boards.greenhouse.io/narvar?keyword=software+remote
Mindgrub Technologies,https://boards.greenhouse.io/mindgrub?keyword=software+remote
Praxent,https://job-boards.greenhouse.io/praxent?keyword=software+remote
YipitData,https://job-boards.greenhouse.io/yipitdata?keyword=software+remote
Figma,https://boards.greenhouse.io/figma?keyword=software+remote
MobilityWare,https://job-boards.greenhouse.io/mobilityware?keyword=software+remote
Higher Logic,https://job-boards.greenhouse.io/higherlogic?keyword=software+remote
Kentik,https://www.kentik.com/careers?keyword=software+remote
Jamf,https://www.jamf.com/about?keyword=software+remote
SmartAsset,https://job-boards.greenhouse.io/smartasset?keyword=software+remote
Pure Storage,https://job-boards.greenhouse.io/purestorage?keyword=software+remote
Catena,https://job-boards.greenhouse.io/catenaclearing?keyword=software+remote
Halcyon,https://job-boards.greenhouse.io/halcyon?keyword=software+remote
Passage Health,https://job-boards.greenhouse.io/applytopassagehealth?keyword=software+remote
AscentAI,https://job-boards.greenhouse.io/ascenttechnologies?keyword=software+remote
Check,https://job-boards.greenhouse.io/check?keyword=software+remote
DNSFilter,https://job-boards.greenhouse.io/dnsfilter?keyword=software+remote
Harness,https://www.harness.io/company?keyword=software+remote
Simple Technology Solutions,https://job-boards.greenhouse.io/simpletechnologysolutions?keyword=software+remote
"Black Duck Software, Inc.",https://job-boards.greenhouse.io/blackduck?keyword=software+remote
Recharge,https://job-boards.greenhouse.io/recharge?keyword=software+remote
PlaySTation,https://job-boards.greenhouse.io/sonyinteractiveentertainmentglobal?keyword=software+remote
Nubank,https://job-boards.greenhouse.io/nubank?keyword=software+remote
LivePerson,https://job-boards.greenhouse.io/liveperson?keyword=software+remote
Corelight,https://boards.greenhouse.io/corelight?keyword=software+remote
Boom Entertainment,https://job-boards.greenhouse.io/boomentertainment?keyword=software+remote
Pomelo Care,https://job-boards.greenhouse.io/pomelocare?keyword=software+remote
Amwell,https://job-boards.greenhouse.io/amwell?keyword=software+remote
LogicGate,https://job-boards.greenhouse.io/logicgate?keyword=software+remote
"Runpod, Inc.",https://job-boards.greenhouse.io/runpod?keyword=software+remote
Banyan software,https://job-boards.greenhouse.io/banyansoftware?keyword=software+remote
BambooHR,https://job-boards.greenhouse.io/bamboohr17?keyword=software+remote
"ezCater, Inc",https://job-boards.greenhouse.io/ezcaterinc?keyword=software+remote
Panther,https://job-boards.greenhouse.io/pantherlabs?keyword=software+remote
GlossGenius,https://job-boards.greenhouse.io/glossgenius?keyword=software+remote
Arkestro,https://job-boards.greenhouse.io/arkestroinc?keyword=software+remote
Komodo Health,https://job-boards.greenhouse.io/komodohealth?keyword=software+remote
Material Bank®,https://job-boards.greenhouse.io/materialbank?keyword=software+remote
Superhuman,https://job-boards.greenhouse.io/grammarly?keyword=software+remote
Striveworks,https://job-boards.greenhouse.io/striveworks?keyword=software+remote
Raft,https://job-boards.greenhouse.io/raft?keyword=software+remote
Tech Holding,https://job-boards.greenhouse.io/techholding?keyword=software+remote
Future,https://job-boards.greenhouse.io/future?keyword=software+remote
Acquia,https://job-boards.greenhouse.io/acquia?keyword=software+remote
Impiricus,https://job-boards.greenhouse.io/impiricus?keyword=software+remote
Glean,https://job-boards.greenhouse.io/gleanwork?keyword=software+remote
Remesh,https://job-boards.greenhouse.io/remesh?keyword=software+remote
Renewed vision,https://job-boards.greenhouse.io/renewedvision?keyword=software+remote
Subsplash,https://job-boards.greenhouse.io/subsplash?keyword=software+remote
Cleerly,https://cleerlyhealth.com/careers-board?gh_jid=5819258004&gh_src=my.greenhouse.search?keyword=software+remote
Fabric,https://job-boards.greenhouse.io/fabric83?keyword=software+remote
EquipmentShare,https://www.equipmentshare.com/careers?keyword=software+remote
NewRelic,https://job-boards.greenhouse.io/newrelic?keyword=software+remote
Doximity,https://job-boards.greenhouse.io/doximity?keyword=software+remote
Seed,https://job-boards.greenhouse.io/seed?keyword=software+remote
Pair Team,https://job-boards.greenhouse.io/pairteam?keyword=software+remote
Kiavi,https://job-boards.greenhouse.io/kiavi?keyword=software+remote
Coalition,https://www.coalitioninc.com/job-posting?keyword=software+remote
StackBlitz,https://job-boards.greenhouse.io/stackblitz?keyword=software+remote
Versaterm,https://job-boards.greenhouse.io/versaterm?keyword=software+remote
Otto Aerospace,https://job-boards.greenhouse.io/ottoaviation?keyword=software+remote
Blastpoint,https://job-boards.greenhouse.io/blastpoint?keyword=software+remote
gradient AI,https://job-boards.greenhouse.io/gradientai?keyword=software+remote
SentinelOne,https://www.sentinelone.com/jobs?keyword=software+remote
Mix Mode,https://job-boards.greenhouse.io/mixmode?keyword=software+remote
Afresh,https://job-boards.greenhouse.io/afresh?keyword=software+remote
EQT,https://job-boards.greenhouse.io/eqtcorporation?keyword=software+remote
DEpt,https://job-boards.greenhouse.io/dept?keyword=software+remote
Trella Health,https://job-boards.greenhouse.io/trellahealth?keyword=software+remote
Akido,https://job-boards.greenhouse.io/akidolabs?keyword=software+remote
Federator,https://job-boards.greenhouse.io/federato?keyword=software+remote
Forma.ai,https://job-boards.greenhouse.io/formaaiinc?keyword=software+remote
Tenstorrent,https://job-boards.greenhouse.io/tenstorrent?keyword=software+remote
Bugcrowd,https://job-boards.greenhouse.io/bugcrowd?keyword=software+remote
xAI,https://job-boards.greenhouse.io/xai?keyword=software+remote
GiveDirectly,https://job-boards.greenhouse.io/givedirectly?keyword=software+remote
Lirio,https://job-boards.greenhouse.io/lirio?keyword=software+remote
Judi Health,https://job-boards.greenhouse.io/capitalrx?keyword=software+remote
Gravwell,https://job-boards.greenhouse.io/gravwell?keyword=software+remote
Backstroke,https://job-boards.greenhouse.io/backstroke?keyword=software+remote
System,https://job-boards.greenhouse.io/system?keyword=software+remote
"Simpluris, Inc.",https://job-boards.greenhouse.io/simpluris?keyword=software+remote
Underdog,https://job-boards.greenhouse.io/underdogfantasy?keyword=software+remote
Zodoc,https://job-boards.greenhouse.io/zocdoc?keyword=software+remote
Runway,https://job-boards.greenhouse.io/runwayml?keyword=software+remote
 Quisitive,https://job-boards.greenhouse.io/quisitivejobs?keyword=software+remote
Natera,https://job-boards.greenhouse.io/natera?keyword=software+remote
Osano,https://job-boards.greenhouse.io/osano?keyword=software+remote
Maven Clinic,https://job-boards.greenhouse.io/mavenclinic?keyword=software+remote
Canopy Fertility,https://job-boards.greenhouse.io/carrotfertility?keyword=software+remote
Apollo,https://job-boards.greenhouse.io/apolloio?keyword=software+remote
MNTN,https://job-boards.greenhouse.io/mntn?keyword=software+remote
Hoppr,https://job-boards.greenhouse.io/hoppr?keyword=software+remote
Hopscotch Primary Care,https://job-boards.greenhouse.io/hopscotchprimarycare?keyword=software+remote
Redis,https://job-boards.greenhouse.io/redis?keyword=software+remote
Overland AI,https://job-boards.greenhouse.io/overlandai?keyword=software+remote
Boulder Care,https://job-boards.greenhouse.io/bouldercare?keyword=software+remote
Black Canyon Consulting,https://job-boards.greenhouse.io/blackcanyonconsulting?keyword=software+remote
NPT2,https://job-boards.greenhouse.io/npt2?keyword=software+remote
WebChart,https://job-boards.greenhouse.io/webchartnow?keyword=software+remote
Imagen Technologies,https://job-boards.greenhouse.io/imagentechnologies?keyword=software+remote
Prevail,https://job-boards.greenhouse.io/prevail?keyword=software+remote
"Dispatch Technologies, Inc",https://dispatch.me/about?keyword=software+remote
Full Stack Engineer,https://job-boards.greenhouse.io/rxsense?keyword=software+remote
Nourish,https://job-boards.greenhouse.io/usenourish?keyword=software+remote
Arcesium,https://job-boards.greenhouse.io/arcesiumllc?keyword=software+remote
Grow Therapy,https://job-boards.greenhouse.io/growtherapy?keyword=software+remote
CentralReach,https://job-boards.greenhouse.io/centralreach?keyword=software+remote
SES AI ,https://job-boards.greenhouse.io/sesai?keyword=software+remote
Litify,https://job-boards.greenhouse.io/litify?keyword=software+remote
 Upwave,https://job-boards.greenhouse.io/survata?keyword=software+remote
Anaplan,https://job-boards.greenhouse.io/anaplan?keyword=software+remote
Corelight,https://job-boards.greenhouse.io/corelight?keyword=software+remote
Mission lane,https://job-boards.greenhouse.io/missionlane?keyword=software+remote
Swayable,https://job-boards.greenhouse.io/swayable?keyword=software+remote
Grayscale ,https://job-boards.greenhouse.io/grayscaleinvestments?keyword=software+remote
ShopMy,https://job-boards.greenhouse.io/shopmy?keyword=software+remote
Sureify,https://job-boards.greenhouse.io/sureify?keyword=software+remote
Mattermost,https://job-boards.greenhouse.io/mattermost?keyword=software+remote
NexGen,https://job-boards.eu.greenhouse.io/nexgencloud?keyword=software+remote
"Harmonia Holdings Group, LLC",https://www.harmonia.com/job-application?keyword=software+remote
GreyNoise Intelligence,https://boards.greenhouse.io/greynoiseintelligence?keyword=software+remote
Pluribus Digital,https://pluribusdigital.com/join?keyword=software+remote
SonderMind Careers,https://job-boards.greenhouse.io/sondermind?keyword=software+remote
EOS,https://eosits.com/about?keyword=software+remote
Roo,https://job-boards.greenhouse.io/roo?keyword=software+remote
Outlive,https://job-boards.greenhouse.io/outlive?keyword=software+remote
Thatch,https://job-boards.greenhouse.io/thatch?keyword=software+remote
Caregentic,https://job-boards.greenhouse.io/aegisventures?keyword=software+remote
  Definitive Healthcare,https://job-boards.greenhouse.io/definitivehc?keyword=software+remote
Sand,https://job-boards.eu.greenhouse.io/sandtechholdingslimited?keyword=software+remote
Greenhouse,https://job-boards.greenhouse.io/greenhouse?keyword=software+remote
Cordial,https://job-boards.greenhouse.io/cordial81?keyword=software+remote
Hume Ai,https://job-boards.greenhouse.io/humeai?keyword=software+remote
Swish Analytics,https://job-boards.greenhouse.io/swishanalytics?keyword=software+remote
Mozilla ,https://job-boards.greenhouse.io/mozilla?keyword=software+remote
Zora,https://job-boards.greenhouse.io/zora?keyword=software+remote
Forerunner.,https://job-boards.greenhouse.io/forerunner?keyword=software+remote
Constant Contact,https://job-boards.greenhouse.io/constantcontact?keyword=software+remote
Garner's Mission,https://job-boards.greenhouse.io/garnerhealth?keyword=software+remote
Yurtsai,https://job-boards.greenhouse.io/yurtsai?keyword=software+remote
Vana Health,https://job-boards.greenhouse.io/vannahealth?keyword=software+remote
Funga,https://job-boards.greenhouse.io/funga?keyword=software+remote
Sphinx Defence,https://job-boards.greenhouse.io/sphinxdefense?keyword=software+remote
Topstep,https://job-boards.greenhouse.io/topsteptrader?keyword=software+remote
Wave Mobile Money,https://job-boards.greenhouse.io/wavemm1?keyword=software+remote
Divergent,https://job-boards.greenhouse.io/divergent?keyword=software+remote
Outschool,https://job-boards.greenhouse.io/outschool?keyword=software+remote
Prismatic,https://job-boards.greenhouse.io/prismatic?keyword=software+remote
Forethought,https://job-boards.greenhouse.io/forethought?keyword=software+remote
Steer,https://job-boards.greenhouse.io/steercrm?keyword=software+remote
Openly,http://job-boards.greenhouse.io/openly?keyword=software+remote
Pomelo care,http://job-boards.greenhouse.io/pomelocare?keyword=software+remote
Knock,https://job-boards.greenhouse.io/knock?keyword=software+remote
Whalar Group,https://job-boards.greenhouse.io/whalarinc?keyword=software+remote
fleetio,https://job-boards.greenhouse.io/fleetio?keyword=software+remote
Huntress,https://job-boards.greenhouse.io/huntress?keyword=software+remote
Beacon biosignals,https://job-boards.greenhouse.io/beaconbiosignals?keyword=software+remote
koboldmetals,https://job-boards.greenhouse.io/koboldmetals?keyword=software+remote
Altana,https://job-boards.greenhouse.io/altanaai?keyword=software+remote
Star tree,https://job-boards.greenhouse.io/startree?keyword=software+remote
Galileo,https://job-boards.greenhouse.io/galileofinancialtechnologies?keyword=software+remote
TRM labs,https://job-boards.greenhouse.io/trmlabs?keyword=software+remote
Abacus insights,https://job-boards.greenhouse.io/abacusinsights?keyword=software+remote
Oppfi,https://job-boards.greenhouse.io/opploans?keyword=software+remote
Cbinsights,https://job-boards.greenhouse.io/cbinsights?keyword=software+remote
Cribl,https://job-boards.greenhouse.io/cribl?keyword=software+remote
Shift4,https://job-boards.greenhouse.io/shift4?keyword=software+remote
Clerri,https://job-boards.greenhouse.io/clerri?keyword=software+remote
singlestore,https://job-boards.greenhouse.io/singlestore?keyword=software+remote
cloudfare,https://job-boards.greenhouse.io/cloudflare?keyword=software+remote
verygoodventures,https://job-boards.greenhouse.io/verygoodventures?keyword=software+remote
Supplyhouse,https://job-boards.greenhouse.io/supplyhouse?keyword=software+remote
sirona medicals,https://job-boards.greenhouse.io/sironamedical?keyword=software+remote
canvas,https://canvas.io/careers?keyword=software+remote
Platomics,https://platomics.com/career?keyword=software+remote
Aerospike,https://job-boards.greenhouse.io/aerospike?keyword=software+remote
Hudl,https://job-boards.greenhouse.io/hudl?keyword=software+remote
northbeam,https://job-boards.greenhouse.io/northbeam?keyword=software+remote
freenome,https://job-boards.greenhouse.io/freenome?keyword=software+remote
Candidly,https://job-boards.greenhouse.io/candidly?keyword=software+remote
Extend,https://job-boards.greenhouse.io/extend?keyword=software+remote
Modern Health,https://job-boards.greenhouse.io/modernhealth?keyword=software+remote
Mitratech ,https://job-boards.greenhouse.io/mitratech?keyword=software+remote
Humana agency,https://job-boards.greenhouse.io/humanagency?keyword=software+remote
Dcs,https://job-boards.greenhouse.io/designedconveyorsystems?keyword=software+remote
Plume,https://www.plume.com/career-opportunities?gh_jid=8389884002&gh_src=my.greenhouse.search?keyword=software+remote
Imply ,https://imply.io/positions?keyword=software+remote
Cleerly,https://cleerlyhealth.com/careers-board?gh_jid=5779922004&gh_src=my.greenhouse.search?keyword=software+remote
Thrive cart,https://job-boards.greenhouse.io/thrivecart?keyword=software+remote
Behavox,https://job-boards.greenhouse.io/behavox?keyword=software+remote
Pulley,https://job-boards.greenhouse.io/pulley?keyword=software+remote
Fetch,https://job-boards.greenhouse.io/fetchrewards?keyword=software+remote
Nova credit ,https://job-boards.greenhouse.io/novacredit?keyword=software+remote
Jahnel group,https://www.jahnelgroup.com/apply.html?gh_jid=5031476007&gh_src=my.greenhouse.search?keyword=software+remote
Amwins,https://www.amwins.com/who-we-are?keyword=software+remote
Bitso,https://bitso.com/jobs?gh_jid=7590074003&gh_src=my.greenhouse.search?keyword=software+remote
Bishopfox,https://bishopfox.com/jobs?gh_jid=7554574&gh_src=my.greenhouse.search?keyword=software+remote
Blueprint ,https://job-boards.greenhouse.io/bpcs?keyword=software+remote
Cast AI,https://cast.ai/careers?keyword=software+remote
Apptronik,https://job-boards.greenhouse.io/apptronik?keyword=software+remote
Civis Analytics ,https://job-boards.greenhouse.io/civisanalytics?keyword=software+remote
Cambiar Education,https://job-boards.greenhouse.io/cambiareducation?keyword=software+remote
Radiology,https://job-boards.greenhouse.io/oneimaging?keyword=software+remote
Upbound,https://job-boards.greenhouse.io/upboundext?keyword=software+remote
Robots & Pencils ,https://job-boards.greenhouse.io/robotsandpencils?keyword=software+remote
 RapidSOS,https://job-boards.greenhouse.io/rapidsos?keyword=software+remote
 Rocket Lawyer,https://job-boards.greenhouse.io/rocketlawyer?keyword=software+remote
LENDINGTREE,https://job-boards.greenhouse.io/lendingtree?keyword=software+remote
Bitcoin Depot ,https://job-boards.greenhouse.io/bitcoindepot?keyword=software+remote
MIE ,https://job-boards.greenhouse.io/medicalinformaticsengineering?keyword=software+remote
Euclid,https://job-boards.greenhouse.io/euclidpower?keyword=software+remote
Nametag,https://job-boards.greenhouse.io/nametag?keyword=software+remote
 FLOVISION ,https://job-boards.greenhouse.io/flovisionsolutions?keyword=software+remote
Oshi Health,https://job-boards.greenhouse.io/oshihealth?keyword=software+remote
Care Access,https://job-boards.greenhouse.io/careaccess?keyword=software+remote
Custormerio,https://job-boards.greenhouse.io/customerio?keyword=software+remote
nice,https://job-boards.eu.greenhouse.io/nice?keyword=software+remote
axon,https://job-boards.greenhouse.io/axon?keyword=software+remote
Red Cell Partners ,https://job-boards.greenhouse.io/redcellpartners?keyword=software+remote
Agile Six ,https://job-boards.greenhouse.io/agilesix?keyword=software+remote
parsleyhealth,https://job-boards.greenhouse.io/parsleyhealth?keyword=software+remote
Planning Center,https://job-boards.greenhouse.io/planningcenter?keyword=software+remote
Pacaso,https://job-boards.greenhouse.io/pacaso?keyword=software+remote
evolve,https://job-boards.greenhouse.io/evolvevacationrental?keyword=software+remote
Dante,https://job-boards.greenhouse.io/dante?keyword=software+remote
Splitero,https://job-boards.greenhouse.io/splitero?keyword=software+remote
FlowFuse,https://job-boards.greenhouse.io/flowfuse?keyword=software+remote
cross river,https://www.crossriver.com/greenhouse?gh_jid=6586355003?keyword=software+remote
 Spark Advisors,https://job-boards.greenhouse.io/sparkadvisors?keyword=software+remote
Synthesis Health,https://job-boards.greenhouse.io/synthesishealth?keyword=software+remote
Alma,https://job-boards.greenhouse.io/alma?keyword=software+remote
Patriot software,https://job-boards.greenhouse.io/55564patriot334567software868575745?keyword=software+remote
Dutchie,https://job-boards.greenhouse.io/thedutchie?keyword=software+remote
Twinhealth,https://job-boards.greenhouse.io/twinhealth?keyword=software+remote
Meshy,https://job-boards.greenhouse.io/meshy?keyword=software+remote
Unframe,https://job-boards.eu.greenhouse.io/unframe?keyword=software+remote
Engine,https://job-boards.greenhouse.io/engine?keyword=software+remote
Propel,https://job-boards.greenhouse.io/propel?keyword=software+remote
Submittable,https://job-boards.greenhouse.io/submittable?keyword=software+remote
Babylist,https://job-boards.greenhouse.io/babylist?keyword=software+remote
Uniswap Labs,https://job-boards.greenhouse.io/uniswaplabs?keyword=software+remote
SRS ACQUIOM,https://job-boards.greenhouse.io/srsacquiom?keyword=software+remote
